CÓDIGO,RAZÃO SOCIAL,NOME DE PREGÃO,CNPJ,TIPO
ADHM1,ADVANCED DIGITAL HEALTH MEDICINA PREVENTIVA S.A.,ADVANCED-DH,10.345.009/0001-98,AÇÃO
ADHM3,ADVANCED DIGITAL HEALTH MEDICINA PREVENTIVA S.A.,ADVANCED-DH,10.345.009/0001-98,AÇÃO
TIET11,AES TIETE ENERGIA SA,AES TIETE E,04.128.563/0001-10,AÇÃO
TIET3,AES TIETE ENERGIA SA,AES TIETE E,04.128.563/0001-10,AÇÃO
TIET4,AES TIETE ENERGIA SA,AES TIETE E,04.128.563/0001-10,AÇÃO
AFLT3,AFLUENTE TRANSMISSÃO DE ENERGIA ELÉTRICA S/A,AFLUENTE T,10.338.320/0001-00,AÇÃO
ALEF3B,ALEF S.A.,ALEF S/A,02.217.319/0001-07,AÇÃO
RPAD3,ALFA HOLDINGS S.A.,ALFA HOLDING,17.167.396/0001-69,AÇÃO
RPAD5,ALFA HOLDINGS S.A.,ALFA HOLDING,17.167.396/0001-69,AÇÃO
RPAD6,ALFA HOLDINGS S.A.,ALFA HOLDING,17.167.396/0001-69,AÇÃO
#N/D,ALGAR TELECOM S/A,ALGAR TELEC,71.208.516/0001-74,AÇÃO
ALSO3,ALIANSCE SONAE SHOPPING CENTERS S.A.,ALIANSCSONAE,05.878.397/0001-32,AÇÃO
ALPK3,ALLPARK EMPREENDIMENTOS PARTICIPACOES SERVICOS S.A,ESTAPAR,60.537.263/0001-66,AÇÃO
ALPA3,ALPARGATAS S.A.,ALPARGATAS,61.079.117/0001-05,AÇÃO
ALPA4,ALPARGATAS S.A.,ALPARGATAS,61.079.117/0001-05,AÇÃO
APER3,ALPER CONSULTORIA E CORRETORA DE SEGUROS S.A.,ALPER S.A.,11.721.921/0001-60,AÇÃO
#N/D,ALTERE SECURITIZADORA S.A.,ALTERE SEC,02.783.423/0001-50,AÇÃO
ALUP11,ALUPAR INVESTIMENTO S/A,ALUPAR,08.364.948/0001-38,AÇÃO
ALUP3,ALUPAR INVESTIMENTO S/A,ALUPAR,08.364.948/0001-38,AÇÃO
ALUP4,ALUPAR INVESTIMENTO S/A,ALUPAR,08.364.948/0001-38,AÇÃO
ABEV3,AMBEV S.A.,AMBEV S/A,07.526.557/0001-00,AÇÃO
CBEE3,AMPLA ENERGIA E SERVICOS S.A.,AMPLA ENERG,33.050.071/0001-58,AÇÃO
ANIM3,ANIMA HOLDING S.A.,ANIMA,09.288.252/0001-32,AÇÃO
ARZZ3,AREZZO INDÚSTRIA E COMÉRCIO S.A.,AREZZO CO,16.590.234/0001-76,AÇÃO
CRFB3,ATACADÃO S.A.,CARREFOUR BR,75.315.333/0001-09,AÇÃO
#N/D,ATMA PARTICIPAÇÕES S.A.,ATMASA,04.032.433/0001-80,AÇÃO
ATOM3,ATOM EMPREENDIMENTOS E PARTICIPAÇÕES S.A.,ATOMPAR,00.359.742/0001-08,AÇÃO
AZEV3,AZEVEDO E TRAVASSOS S.A.,AZEVEDO,61.351.532/0001-68,AÇÃO
AZEV4,AZEVEDO E TRAVASSOS S.A.,AZEVEDO,61.351.532/0001-68,AÇÃO
AZUL4,AZUL S.A.,AZUL,09.305.994/0001-29,AÇÃO
BTOW3,B2W – COMPANHIA DIGITAL,B2W DIGITAL,00.776.574/0001-56,AÇÃO
B3SA3,B3 S.A. – BRASIL. BOLSA. BALCÃO,B3,09.346.601/0001-25,AÇÃO
BAHI3,BAHEMA EDUCAÇÃO S.A.,BAHEMA,45.987.245/0001-92,AÇÃO
BMGB4,BANCO BMG S.A.,BANCO BMG,61.186.680/0001-74,AÇÃO
BIDI3,BANCO INTER S.A.,BANCO INTER,00.416.968/0001-01,AÇÃO
BIDI11,BANCO INTER S.A.,BANCO INTER,00.416.968/0001-01,AÇÃO
BIDI4,BANCO INTER S.A.,BANCO INTER,00.416.968/0001-01,AÇÃO
BEES3,BANESTES S.A. – BCO EST ESPIRITO SANTO,BANESTES,28.127.603/0001-78,AÇÃO
BEES4,BANESTES S.A. – BCO EST ESPIRITO SANTO,BANESTES,28.127.603/0001-78,AÇÃO
BDLL4,BARDELLA S.A. INDUSTRIAS MECANICAS,BARDELLA,60.851.615/0001-53,AÇÃO
BDLL3,BARDELLA S.A. INDUSTRIAS MECANICAS,BARDELLA,60.851.615/0001-53,AÇÃO
BTTL3,BATTISTELLA ADM PARTICIPACOES S.A.,BATTISTELLA,42.331.462/0001-31,AÇÃO
BALM4,BAUMER S.A.,BAUMER,61.374.161/0001-30,AÇÃO
BALM3,BAUMER S.A.,BAUMER,61.374.161/0001-30,AÇÃO
BBSE3,BB SEGURIDADE PARTICIPAÇÕES S.A.,BBSEGURIDADE,17.344.597/0001-94,AÇÃO
BBML3,BBM LOGISTICA S.A.,BBMLOGISTICA,01.107.327/0001-20,AÇÃO
ABCB4,BCO ABC BRASIL S.A.,ABC BRASIL,28.195.667/0001-06,AÇÃO
BRIV3,BCO ALFA DE INVESTIMENTO S.A.,ALFA INVEST,60.770.336/0001-65,AÇÃO
BRIV4,BCO ALFA DE INVESTIMENTO S.A.,ALFA INVEST,60.770.336/0001-65,AÇÃO
BAZA3,BCO AMAZONIA S.A.,AMAZONIA,04.902.979/0001-44,AÇÃO
BBDC4,BCO BRADESCO S.A.,BRADESCO,60.746.948/0001-12,AÇÃO
BBDC3,BCO BRADESCO S.A.,BRADESCO,60.746.948/0001-12,AÇÃO
BBAS11,BCO BRASIL S.A.,BRASIL,00.000.000/0001-91,AÇÃO
BBAS12,BCO BRASIL S.A.,BRASIL,00.000.000/0001-91,AÇÃO
BBAS3,BCO BRASIL S.A.,BRASIL,00.000.000/0001-91,AÇÃO
BPAC11,BCO BTG PACTUAL S.A.,BTGP BANCO,30.306.294/0001-45,AÇÃO
BPAC3,BCO BTG PACTUAL S.A.,BTGP BANCO,30.306.294/0001-45,AÇÃO
BPAC5,BCO BTG PACTUAL S.A.,BTGP BANCO,30.306.294/0001-45,AÇÃO
BGIP3,BCO ESTADO DE SERGIPE S.A. – BANESE,BANESE,13.009.717/0001-46,AÇÃO
BGIP4,BCO ESTADO DE SERGIPE S.A. – BANESE,BANESE,13.009.717/0001-46,AÇÃO
BPAR3,BCO ESTADO DO PARA S.A.,BANPARA,04.913.711/0001-08,AÇÃO
BRSR6,BCO ESTADO DO RIO GRANDE DO SUL S.A.,BANRISUL,92.702.067/0001-96,AÇÃO
BRSR5,BCO ESTADO DO RIO GRANDE DO SUL S.A.,BANRISUL,92.702.067/0001-96,AÇÃO
BRSR3,BCO ESTADO DO RIO GRANDE DO SUL S.A.,BANRISUL,92.702.067/0001-96,AÇÃO
IDVL3,BCO INDUSVAL S.A.,INDUSVAL,61.024.352/0001-71,AÇÃO
IDVL4,BCO INDUSVAL S.A.,INDUSVAL,61.024.352/0001-71,AÇÃO
BMIN3,BCO MERCANTIL DE INVESTIMENTOS S.A.,MERC INVEST,34.169.557/0001-72,AÇÃO
BMIN4,BCO MERCANTIL DE INVESTIMENTOS S.A.,MERC INVEST,34.169.557/0001-72,AÇÃO
BMEB3,BCO MERCANTIL DO BRASIL S.A.,MERC BRASIL,17.184.037/0001-10,AÇÃO
BMEB4,BCO MERCANTIL DO BRASIL S.A.,MERC BRASIL,17.184.037/0001-10,AÇÃO
BNBR3,BCO NORDESTE DO BRASIL S.A.,NORD BRASIL,07.237.373/0001-20,AÇÃO
BPAN4,BCO PAN S.A.,BANCO PAN,59.285.411/0001-13,AÇÃO
PINE3,BCO PINE S.A.,PINE,62.144.175/0001-20,AÇÃO
PINE4,BCO PINE S.A.,PINE,62.144.175/0001-20,AÇÃO
SANB4,BCO SANTANDER (BRASIL) S.A.,SANTANDER BR,90.400.888/0001-42,AÇÃO
SANB3,BCO SANTANDER (BRASIL) S.A.,SANTANDER BR,90.400.888/0001-42,AÇÃO
SANB11,BCO SANTANDER (BRASIL) S.A.,SANTANDER BR,90.400.888/0001-42,AÇÃO
#N/D,BETA SECURITIZADORA S.A.,BETA SECURIT,07.021.459/0001-10,AÇÃO
BETP3B,BETAPART PARTICIPACOES S.A.,BETAPART,02.762.124/0001-30,AÇÃO
BMKS3,BICICLETAS MONARK S.A.,BIC MONARK,56.992.423/0001-90,AÇÃO
BIOM3,BIOMM S.A.,BIOMM,04.752.991/0001-10,AÇÃO
BSEV3,BIOSEV S.A.,BIOSEV,15.527.906/0001-36,AÇÃO
GBIO33,BIOTOSCANA INVESTMENTS S.A.,BIOTOSCANA,19.688.956/0001-56,AÇÃO
BKBR3,BK BRASIL OPERAÇÃO E ASSESSORIA A RESTAURANTES SA,BK BRASIL,13.574.594/0001-96,AÇÃO
#N/D,BNDES PARTICIPACOES S.A. – BNDESPAR,BNDESPAR,00.383.281/0001-09,AÇÃO
BOBR3,BOMBRIL S.A.,BOMBRIL,50.564.053/0001-03,AÇÃO
BOBR4,BOMBRIL S.A.,BOMBRIL,50.564.053/0001-03,AÇÃO
BRML3,BR MALLS PARTICIPACOES S.A.,BR MALLS PAR,06.977.745/0001-91,AÇÃO
BRPR3,BR PROPERTIES S.A.,BR PROPERT,06.977.751/0001-49,AÇÃO
#N/D,BRADESCO LEASING S.A. ARREND MERCANTIL,BRADESCO LSG,47.509.120/0001-82,AÇÃO
BRAP4,BRADESPAR S.A.,BRADESPAR,03.847.461/0001-92,AÇÃO
BRAP3,BRADESPAR S.A.,BRADESPAR,03.847.461/0001-92,AÇÃO
BBRK3,BRASIL BROKERS PARTICIPACOES S.A.,BR BROKERS,08.613.550/0001-98,AÇÃO
AGRO3,BRASILAGRO – CIA BRAS DE PROP AGRICOLAS,BRASILAGRO,07.628.528/0001-59,AÇÃO
BRKM6,BRASKEM S.A.,BRASKEM,42.150.391/0001-70,AÇÃO
BRKM5,BRASKEM S.A.,BRASKEM,42.150.391/0001-70,AÇÃO
BRKM3,BRASKEM S.A.,BRASKEM,42.150.391/0001-70,AÇÃO
#N/D,BRAZIL REALTY CIA SECURIT. CRÉD. IMOBILIÁRIOS,BRAZIL REALT,07.119.838/0001-48,AÇÃO
#N/D,BRAZILIAN FINANCE E REAL ESTATE S.A.,BRAZILIAN FR,02.762.113/0001-50,AÇÃO
#N/D,BRAZILIAN SECURITIES CIA SECURITIZACAO,BRAZILIAN SC,03.767.538/0001-14,AÇÃO
BSLI4,BRB BCO DE BRASILIA S.A.,BRB BANCO,00.000.208/0001-00,AÇÃO
BSLI3,BRB BCO DE BRASILIA S.A.,BRB BANCO,00.000.208/0001-00,AÇÃO
#N/D,BRC SECURITIZADORA S.A.,BRC SECURIT,08.653.753/0001-08,AÇÃO
BRFS3,BRF S.A.,BRF SA,01.838.723/0001-27,AÇÃO
#N/D,BRPR 56 SECURITIZADORA CRED IMOB S.A.,BRPR 56 SEC,06.137.677/0001-52,AÇÃO
BRQB3,BRQ SOLUCOES EM INFORMATICA S.A.,BRQ,36.542.025/0001-64,AÇÃO
#N/D,BV LEASING – ARRENDAMENTO MERCANTIL S.A.,BV LEASING,01.858.774/0001-10,AÇÃO
CABI3B,CABINDA PARTICIPACOES S.A.,CABINDA PART,04.030.182/0001-02,AÇÃO
#N/D,CACHOEIRA PAULISTA TRANSMISSORA ENERGIA S.A.,CACHOEIRA,05.336.882/0001-84,AÇÃO
CACO3B,CACONDE PARTICIPACOES S.A.,CACONDE PART,04.031.213/0001-31,AÇÃO
CAMB3,CAMBUCI S.A.,CAMBUCI,61.088.894/0001-08,AÇÃO
CAML3,CAMIL ALIMENTOS S.A.,CAMIL,64.904.295/0001-03,AÇÃO
#N/D,CAPITALPART PARTICIPACOES S.A.,CAPITALPART,02.591.787/0001-39,AÇÃO
CCRO3,CCR S.A.,CCR SA,02.846.056/0001-97,AÇÃO
CEAB3,CEA MODAS S.A.,CEA MODAS,45.242.914/0001-05,AÇÃO
MAPT4,CEMEPE INVESTIMENTOS S.A.,CEMEPE,93.828.986/0001-73,AÇÃO
MAPT3,CEMEPE INVESTIMENTOS S.A.,CEMEPE,93.828.986/0001-73,AÇÃO
#N/D,CEMIG DISTRIBUICAO S.A.,CEMIG DIST,06.981.180/0001-16,AÇÃO
#N/D,CEMIG GERACAO E TRANSMISSAO S.A.,CEMIG GT,06.981.176/0001-58,AÇÃO
ELET3,CENTRAIS ELET BRAS S.A. – ELETROBRAS,ELETROBRAS,00.001.180/0001-26,AÇÃO
ELET5,CENTRAIS ELET BRAS S.A. – ELETROBRAS,ELETROBRAS,00.001.180/0001-26,AÇÃO
ELET6,CENTRAIS ELET BRAS S.A. – ELETROBRAS,ELETROBRAS,00.001.180/0001-26,AÇÃO
CLSC4,CENTRAIS ELET DE SANTA CATARINA S.A.,CELESC,83.878.892/0001-55,AÇÃO
CLSC3,CENTRAIS ELET DE SANTA CATARINA S.A.,CELESC,83.878.892/0001-55,AÇÃO
AALR3,CENTRO DE IMAGEM DIAGNOSTICOS S.A.,ALLIAR,42.771.949/0001-35,AÇÃO
CESP6,CESP – CIA ENERGETICA DE SAO PAULO,CESP,60.933.603/0001-78,AÇÃO
CESP5,CESP – CIA ENERGETICA DE SAO PAULO,CESP,60.933.603/0001-78,AÇÃO
CESP3,CESP – CIA ENERGETICA DE SAO PAULO,CESP,60.933.603/0001-78,AÇÃO
PCAR3,CIA BRASILEIRA DE DISTRIBUICAO,P.ACUCAR-CBD,47.508.411/0001-56,AÇÃO
CASN4,CIA CATARINENSE DE AGUAS E SANEAM.-CASAN,CASAN,82.508.433/0001-17,AÇÃO
CASN3,CIA CATARINENSE DE AGUAS E SANEAM.-CASAN,CASAN,82.508.433/0001-17,AÇÃO
GPAR3,CIA CELG DE PARTICIPACOES – CELGPAR,CELGPAR,08.560.444/0001-93,AÇÃO
CEGR3,CIA DISTRIB DE GAS DO RIO DE JANEIRO-CEG,CEG,33.938.119/0001-69,AÇÃO
CEEB3,CIA ELETRICIDADE EST. DA BAHIA – COELBA,COELBA,15.139.629/0001-94,AÇÃO
CEEB5,CIA ELETRICIDADE EST. DA BAHIA – COELBA,COELBA,15.139.629/0001-94,AÇÃO
CEEB6,CIA ELETRICIDADE EST. DA BAHIA – COELBA,COELBA,15.139.629/0001-94,AÇÃO
CEBR6,CIA ENERGETICA DE BRASILIA,CEB,00.070.698/0001-11,AÇÃO
CEBR5,CIA ENERGETICA DE BRASILIA,CEB,00.070.698/0001-11,AÇÃO
CEBR3,CIA ENERGETICA DE BRASILIA,CEB,00.070.698/0001-11,AÇÃO
CMIG4,CIA ENERGETICA DE MINAS GERAIS – CEMIG,CEMIG,17.155.730/0001-64,AÇÃO
CMIG3,CIA ENERGETICA DE MINAS GERAIS – CEMIG,CEMIG,17.155.730/0001-64,AÇÃO
CEPE5,CIA ENERGETICA DE PERNAMBUCO – CELPE,CELPE,10.835.932/0001-08,AÇÃO
CEPE3,CIA ENERGETICA DE PERNAMBUCO – CELPE,CELPE,10.835.932/0001-08,AÇÃO
COCE6,CIA ENERGETICA DO CEARA – COELCE,COELCE,07.047.251/0001-70,AÇÃO
COCE5,CIA ENERGETICA DO CEARA – COELCE,COELCE,07.047.251/0001-70,AÇÃO
COCE3,CIA ENERGETICA DO CEARA – COELCE,COELCE,07.047.251/0001-70,AÇÃO
CSRN3,CIA ENERGETICA DO RIO GDE NORTE – COSERN,COSERN,08.324.196/0001-81,AÇÃO
CSRN5,CIA ENERGETICA DO RIO GDE NORTE – COSERN,COSERN,08.324.196/0001-81,AÇÃO
CSRN6,CIA ENERGETICA DO RIO GDE NORTE – COSERN,COSERN,08.324.196/0001-81,AÇÃO
CEED4,CIA ESTADUAL DE DISTRIB ENER ELET-CEEE-D,CEEE-D,08.467.115/0001-00,AÇÃO
CEED3,CIA ESTADUAL DE DISTRIB ENER ELET-CEEE-D,CEEE-D,08.467.115/0001-00,AÇÃO
EEEL4,CIA ESTADUAL GER.TRANS.ENER.ELET-CEEE-GT,CEEE-GT,92.715.812/0001-31,AÇÃO
EEEL3,CIA ESTADUAL GER.TRANS.ENER.ELET-CEEE-GT,CEEE-GT,92.715.812/0001-31,AÇÃO
FESA4,CIA FERRO LIGAS DA BAHIA – FERBASA,FERBASA,15.141.799/0001-03,AÇÃO
FESA3,CIA FERRO LIGAS DA BAHIA – FERBASA,FERBASA,15.141.799/0001-03,AÇÃO
CEDO4,CIA FIACAO TECIDOS CEDRO CACHOEIRA,CEDRO,17.245.234/0001-00,AÇÃO
CEDO3,CIA FIACAO TECIDOS CEDRO CACHOEIRA,CEDRO,17.245.234/0001-00,AÇÃO
CGAS3,CIA GAS DE SAO PAULO – COMGAS,COMGAS,61.856.571/0001-17,AÇÃO
CGAS5,CIA GAS DE SAO PAULO – COMGAS,COMGAS,61.856.571/0001-17,AÇÃO
HBTS3,CIA HABITASUL DE PARTICIPACOES,HABITASUL,87.762.563/0001-03,AÇÃO
HBTS5,CIA HABITASUL DE PARTICIPACOES,HABITASUL,87.762.563/0001-03,AÇÃO
HBTS6,CIA HABITASUL DE PARTICIPACOES,HABITASUL,87.762.563/0001-03,AÇÃO
HGTX3,CIA HERING,CIA HERING,78.876.950/0001-71,AÇÃO
CATA3,CIA INDUSTRIAL CATAGUASES,IND CATAGUAS,19.526.748/0001-50,AÇÃO
CATA4,CIA INDUSTRIAL CATAGUASES,IND CATAGUAS,19.526.748/0001-50,AÇÃO
LCAM3,CIA LOCAÇÃO DAS AMÉRICAS,LOCAMERICA,10.215.988/0001-60,AÇÃO
MSPA3,CIA MELHORAMENTOS DE SAO PAULO,MELHOR SP,60.730.348/0001-66,AÇÃO
MSPA4,CIA MELHORAMENTOS DE SAO PAULO,MELHOR SP,60.730.348/0001-66,AÇÃO
CPLE6,CIA PARANAENSE DE ENERGIA – COPEL,COPEL,76.483.817/0001-20,AÇÃO
CPLE5,CIA PARANAENSE DE ENERGIA – COPEL,COPEL,76.483.817/0001-20,AÇÃO
CPLE3,CIA PARANAENSE DE ENERGIA – COPEL,COPEL,76.483.817/0001-20,AÇÃO
PEAB3,CIA PARTICIPACOES ALIANCA DA BAHIA,PAR AL BAHIA,01.938.783/0001-11,AÇÃO
PEAB4,CIA PARTICIPACOES ALIANCA DA BAHIA,PAR AL BAHIA,01.938.783/0001-11,AÇÃO
#N/D,CIA PAULISTA DE FORCA E LUZ,PAUL F LUZ,33.050.196/0001-88,AÇÃO
#N/D,CIA PIRATININGA DE FORCA E LUZ,CPFL PIRATIN,04.172.213/0001-51,AÇÃO
SBSP3,CIA SANEAMENTO BASICO EST SAO PAULO,SABESP,43.776.517/0001-80,AÇÃO
CSMG3,CIA SANEAMENTO DE MINAS GERAIS-COPASA MG,COPASA,17.281.106/0001-03,AÇÃO
SAPR4,CIA SANEAMENTO DO PARANA – SANEPAR,SANEPAR,76.484.013/0001-45,AÇÃO
SAPR3,CIA SANEAMENTO DO PARANA – SANEPAR,SANEPAR,76.484.013/0001-45,AÇÃO
SAPR11,CIA SANEAMENTO DO PARANA – SANEPAR,SANEPAR,76.484.013/0001-45,AÇÃO
CSAB3,CIA SEGUROS ALIANCA DA BAHIA,SEG AL BAHIA,15.144.017/0001-90,AÇÃO
CSAB4,CIA SEGUROS ALIANCA DA BAHIA,SEG AL BAHIA,15.144.017/0001-90,AÇÃO
CSNA3,CIA SIDERURGICA NACIONAL,SID NACIONAL,33.042.730/0001-04,AÇÃO
CTNM4,CIA TECIDOS NORTE DE MINAS COTEMINAS,COTEMINAS,22.677.520/0001-76,AÇÃO
CTNM3,CIA TECIDOS NORTE DE MINAS COTEMINAS,COTEMINAS,22.677.520/0001-76,AÇÃO
CTSA3,CIA TECIDOS SANTANENSE,SANTANENSE,21.255.567/0001-89,AÇÃO
CTSA4,CIA TECIDOS SANTANENSE,SANTANENSE,21.255.567/0001-89,AÇÃO
CTSA8,CIA TECIDOS SANTANENSE,SANTANENSE,21.255.567/0001-89,AÇÃO
#N/D,CIBRASEC – COMPANHIA BRASILEIRA DE SECURITIZACAO,CIBRASEC,02.105.040/0001-23,AÇÃO
CIEL3,CIELO S.A.,CIELO,01.027.058/0001-91,AÇÃO
CMSA3,CIMS S.A.,CIMS,00.272.185/0001-93,AÇÃO
CMSA4,CIMS S.A.,CIMS,00.272.185/0001-93,AÇÃO
CNSY3,CINESYSTEM S.A.,CINESYSTEM,07.437.016/0001-05,AÇÃO
COGN3,COGNA EDUCAÇÃO S.A.,COGNA ON,02.800.026/0001-40,AÇÃO
#N/D,CONC AUTO RAPOSO TAVARES S.A.,CONC RAPOSO,10.531.501/0001-58,AÇÃO
#N/D,CONC DO AEROPORTO INTERNACIONAL DE GUARULHOS S.A.,GRUAIRPORT,15.578.569/0001-06,AÇÃO
#N/D,CONC ECOVIAS IMIGRANTES S.A.,ECOVIAS,02.509.491/0001-26,AÇÃO
CRTE3B,CONC RIO-TERESOPOLIS S.A.,CONC RIO TER,00.938.574/0001-05,AÇÃO
CRTE5B,CONC RIO-TERESOPOLIS S.A.,CONC RIO TER,00.938.574/0001-05,AÇÃO
#N/D,CONC ROD AYRTON SENNA E CARV PINTO S.A.-ECOPISTAS,ECOPISTAS,10.841.050/0001-55,AÇÃO
#N/D,CONC ROD.OESTE SP VIAOESTE S.A,VIAOESTE,02.415.408/0001-50,AÇÃO
#N/D,CONC RODOVIAS DO TIETÊ S.A.,ROD TIETE,10.678.505/0001-63,AÇÃO
#N/D,CONC ROTA DAS BANDEIRAS S.A.,RT BANDEIRAS,10.647.979/0001-48,AÇÃO
#N/D,CONC SIST ANHANG-BANDEIRANT S.A. AUTOBAN,AUTOBAN,02.451.848/0001-62,AÇÃO
ODER3,CONSERVAS ODERICH S.A.,ODERICH,97.191.902/0001-94,AÇÃO
ODER4,CONSERVAS ODERICH S.A.,ODERICH,97.191.902/0001-94,AÇÃO
BRGE11,CONSORCIO ALFA DE ADMINISTRACAO S.A.,ALFA CONSORC,17.193.806/0001-46,AÇÃO
BRGE12,CONSORCIO ALFA DE ADMINISTRACAO S.A.,ALFA CONSORC,17.193.806/0001-46,AÇÃO
BRGE3,CONSORCIO ALFA DE ADMINISTRACAO S.A.,ALFA CONSORC,17.193.806/0001-46,AÇÃO
BRGE5,CONSORCIO ALFA DE ADMINISTRACAO S.A.,ALFA CONSORC,17.193.806/0001-46,AÇÃO
BRGE6,CONSORCIO ALFA DE ADMINISTRACAO S.A.,ALFA CONSORC,17.193.806/0001-46,AÇÃO
BRGE7,CONSORCIO ALFA DE ADMINISTRACAO S.A.,ALFA CONSORC,17.193.806/0001-46,AÇÃO
BRGE8,CONSORCIO ALFA DE ADMINISTRACAO S.A.,ALFA CONSORC,17.193.806/0001-46,AÇÃO
CALI3,CONSTRUTORA ADOLPHO LINDENBERG S.A.,CONST A LIND,61.022.042/0001-18,AÇÃO
CALI4,CONSTRUTORA ADOLPHO LINDENBERG S.A.,CONST A LIND,61.022.042/0001-18,AÇÃO
TEND3,CONSTRUTORA TENDA S.A.,TENDA,71.476.527/0001-35,AÇÃO
CORR3,CORREA RIBEIRO S.A. COMERCIO E INDUSTRIA,COR RIBEIRO,15.101.405/0001-93,AÇÃO
CORR4,CORREA RIBEIRO S.A. COMERCIO E INDUSTRIA,COR RIBEIRO,15.101.405/0001-93,AÇÃO
RLOG3,COSAN LOGISTICA S.A.,COSAN LOG,17.346.997/0001-39,AÇÃO
CSAN3,COSAN S.A.,COSAN,50.746.577/0001-15,AÇÃO
CPFE3,CPFL ENERGIA S.A.,CPFL ENERGIA,02.429.144/0001-93,AÇÃO
CPRE3,CPFL ENERGIAS RENOVÁVEIS S.A.,CPFL RENOVAV,08.439.659/0001-50,AÇÃO
#N/D,CPFL GERACAO DE ENERGIA S.A.,CPFL GERACAO,03.953.509/0001-47,AÇÃO
CRDE3,CR2 EMPREENDIMENTOS IMOBILIARIOS S.A.,CR2,07.820.907/0001-46,AÇÃO
CARD3,CSU CARDSYSTEM S.A.,CSU CARDSYST,01.896.779/0001-38,AÇÃO
#N/D,CTC – CENTRO DE TECNOLOGIA CANAVIEIRA S.A.,CTC S.A.,06.981.381/0001-13,AÇÃO
TRPL3,CTEEP – CIA TRANSMISSÃO ENERGIA ELÉTRICA PAULISTA,TRAN PAULIST,02.998.611/0001-04,AÇÃO
TRPL4,CTEEP – CIA TRANSMISSÃO ENERGIA ELÉTRICA PAULISTA,TRAN PAULIST,02.998.611/0001-04,AÇÃO
CVCB3,CVC BRASIL OPERADORA E AGÊNCIA DE VIAGENS S.A.,CVC BRASIL,10.760.260/0001-19,AÇÃO
CYRE3,CYRELA BRAZIL REALTY S.A.EMPREEND E PART,CYRELA REALT,73.178.600/0001-18,AÇÃO
CCPR3,CYRELA COMMERCIAL PROPERT S.A. EMPR PART,CYRE COM-CCP,08.801.621/0001-86,AÇÃO
DASA3,DIAGNOSTICOS DA AMERICA S.A.,DASA,61.486.650/0001-83,AÇÃO
#N/D,DIBENS LEASING S.A. – ARREND.MERCANTIL,DIBENS LSG,65.654.303/0001-73,AÇÃO
PNVL4,DIMED S.A. DISTRIBUIDORA DE MEDICAMENTOS,DIMED,92.665.611/0001-77,AÇÃO
PNVL3,DIMED S.A. DISTRIBUIDORA DE MEDICAMENTOS,DIMED,92.665.611/0001-77,AÇÃO
DIRR3,DIRECIONAL ENGENHARIA S.A.,DIRECIONAL,16.614.075/0001-00,AÇÃO
DOHL3,DOHLER S.A.,DOHLER,84.683.408/0001-03,AÇÃO
DOHL4,DOHLER S.A.,DOHLER,84.683.408/0001-03,AÇÃO
DMMO11,DOMMO ENERGIA S.A.,DOMMO,08.926.302/0001-05,AÇÃO
DMMO3,DOMMO ENERGIA S.A.,DOMMO,08.926.302/0001-05,AÇÃO
DTCY3,DTCOM – DIRECT TO COMPANY S.A.,DTCOM-DIRECT,03.303.999/0001-36,AÇÃO
DTCY4,DTCOM – DIRECT TO COMPANY S.A.,DTCOM-DIRECT,03.303.999/0001-36,AÇÃO
DTEX3,DURATEX S.A.,DURATEX,97.837.181/0001-47,AÇÃO
#N/D,ECO SECURITIZADORA DIREITOS CRED AGRONEGÓCIO S.A.,ECO SEC AGRO,10.753.164/0001-43,AÇÃO
#N/D,ECORODOVIAS CONCESSÕES E SERVIÇOS S.A.,ECON,08.873.873/0001-10,AÇÃO
ECOR3,ECORODOVIAS INFRAESTRUTURA E LOGÍSTICA S.A.,ECORODOVIAS,04.149.454/0001-80,AÇÃO
ENBR3,EDP – ENERGIAS DO BRASIL S.A.,ENERGIAS BR,03.983.431/0001-03,AÇÃO
#N/D,EDP ESPIRITO SANTO DISTRIBUIÇÃO DE ENERGIA S.A.,ESCELSA,28.152.650/0001-71,AÇÃO
#N/D,EDP SÃO PAULO DISTRIBUIÇÃO DE ENERGIA S.A.,EBE,02.302.100/0001-06,AÇÃO
EALT3,ELECTRO ACO ALTONA S.A.,ACO ALTONA,82.643.537/0001-34,AÇÃO
EALT4,ELECTRO ACO ALTONA S.A.,ACO ALTONA,82.643.537/0001-34,AÇÃO
ELEK3,ELEKEIROZ S.A.,ELEKEIROZ,13.788.120/0001-47,AÇÃO
ELEK4,ELEKEIROZ S.A.,ELEKEIROZ,13.788.120/0001-47,AÇÃO
EKTR3,ELEKTRO REDES S.A.,ELEKTRO,02.328.280/0001-97,AÇÃO
EKTR4,ELEKTRO REDES S.A.,ELEKTRO,02.328.280/0001-97,AÇÃO
LIPR3,ELETROBRÁS PARTICIPAÇÕES S.A. – ELETROPAR,ELETROPAR,01.104.937/0001-70,AÇÃO
#N/D,ELETROPAULO METROP. ELET. SAO PAULO S.A.,ELETROPAULO,61.695.227/0001-93,AÇÃO
EMAE3,EMAE – EMPRESA METROP.AGUAS ENERGIA S.A.,EMAE,02.302.101/0001-42,AÇÃO
EMAE4,EMAE – EMPRESA METROP.AGUAS ENERGIA S.A.,EMAE,02.302.101/0001-42,AÇÃO
EMBR3,EMBRAER S.A.,EMBRAER,07.689.002/0001-89,AÇÃO
#N/D,EMPRESA CONC RODOV DO NORTE S.A.ECONORTE,ECONORTE,02.222.736/0001-30,AÇÃO
ECPR3,EMPRESA NAC COM REDITO PART S.A.ENCORPAR,ENCORPAR,01.971.614/0001-83,AÇÃO
ECPR4,EMPRESA NAC COM REDITO PART S.A.ENCORPAR,ENCORPAR,01.971.614/0001-83,AÇÃO
ENAT3,ENAUTA PARTICIPAÇÕES S.A.,ENAUTA PART,11.669.021/0001-10,AÇÃO
#N/D,ENERGISA MATO GROSSO DO SUL – DIST DE ENERGIA S.A.,ENERSUL,15.413.826/0001-50,AÇÃO
ENMT3,ENERGISA MATO GROSSO-DISTRIBUIDORA DE ENERGIA S/A,ENERGISA MT,03.467.321/0001-99,AÇÃO
ENMT4,ENERGISA MATO GROSSO-DISTRIBUIDORA DE ENERGIA S/A,ENERGISA MT,03.467.321/0001-99,AÇÃO
ENGI11,ENERGISA S.A.,ENERGISA,00.864.214/0001-06,AÇÃO
ENGI3,ENERGISA S.A.,ENERGISA,00.864.214/0001-06,AÇÃO
ENGI4,ENERGISA S.A.,ENERGISA,00.864.214/0001-06,AÇÃO
ENEV3,ENEVA S.A,ENEVA,04.423.567/0001-21,AÇÃO
EGIE3,ENGIE BRASIL ENERGIA S.A.,ENGIE BRASIL,02.474.103/0001-19,AÇÃO
EQTL3,EQUATORIAL ENERGIA S.A.,EQUATORIAL,03.220.438/0001-73,AÇÃO
#N/D,EQUATORIAL MARANHÃO DISTRIBUIDORA DE ENERGIA S.A.,EQTLMARANHAO,06.272.793/0001-84,AÇÃO
EQPA3,EQUATORIAL PARA DISTRIBUIDORA DE ENERGIA S.A.,EQTL PARA,04.895.728/0001-80,AÇÃO
EQPA5,EQUATORIAL PARA DISTRIBUIDORA DE ENERGIA S.A.,EQTL PARA,04.895.728/0001-80,AÇÃO
EQPA6,EQUATORIAL PARA DISTRIBUIDORA DE ENERGIA S.A.,EQTL PARA,04.895.728/0001-80,AÇÃO
EQPA7,EQUATORIAL PARA DISTRIBUIDORA DE ENERGIA S.A.,EQTL PARA,04.895.728/0001-80,AÇÃO
ETER3,ETERNIT S.A.,ETERNIT,61.092.037/0001-81,AÇÃO
EUCA4,EUCATEX S.A. INDUSTRIA E COMERCIO,EUCATEX,56.643.018/0001-66,AÇÃO
EUCA3,EUCATEX S.A. INDUSTRIA E COMERCIO,EUCATEX,56.643.018/0001-66,AÇÃO
EVEN3,EVEN CONSTRUTORA E INCORPORADORA S.A.,EVEN,43.470.988/0001-65,AÇÃO
BAUH3,EXCELSIOR ALIMENTOS S.A.,EXCELSIOR,95.426.862/0001-97,AÇÃO
BAUH4,EXCELSIOR ALIMENTOS S.A.,EXCELSIOR,95.426.862/0001-97,AÇÃO
EZTC3,EZ TEC EMPREEND. E PARTICIPACOES S.A.,EZTEC,08.312.229/0001-73,AÇÃO
#N/D,FERREIRA GOMES ENERGIA S.A.,FGENERGIA,12.489.315/0001-23,AÇÃO
VSPT3,FERROVIA CENTRO-ATLANTICA S.A.,FER C ATLANT,00.924.429/0001-75,AÇÃO
VSPT4,FERROVIA CENTRO-ATLANTICA S.A.,FER C ATLANT,00.924.429/0001-75,AÇÃO
FHER3,FERTILIZANTES HERINGER S.A.,FER HERINGER,22.266.175/0001-88,AÇÃO
CRIV3,FINANCEIRA ALFA S.A.- CRED FINANC E INVS,ALFA FINANC,17.167.412/0001-13,AÇÃO
CRIV4,FINANCEIRA ALFA S.A.- CRED FINANC E INVS,ALFA FINANC,17.167.412/0001-13,AÇÃO
FNCN3,FINANSINOS S.A.- CREDITO FINANC E INVEST,FINANSINOS,91.669.747/0001-92,AÇÃO
FLRY3,FLEURY S.A.,FLEURY,60.840.055/0001-31,AÇÃO
FLEX3,FLEX GESTÃO DE RELACIONAMENTOS S.A.,FLEX S/A,10.851.805/0001-00,AÇÃO
FRAS3,FRAS-LE S.A.,FRAS-LE,88.610.126/0001-29,AÇÃO
GFSA3,GAFISA S.A.,GAFISA,01.545.826/0001-07,AÇÃO
GAFL-CRA02B0,GAIA AGRO SECURITIZADORA S.A.,GAIA AGRO,14.876.090/0001-93,AÇÃO
#N/D,GAIA SECURITIZADORA S.A.,GAIA SECURIT,07.587.384/0001-30,AÇÃO
OPGM3B,GAMA PARTICIPACOES S.A.,GAMA PART,02.796.775/0001-40,AÇÃO
GSHP3,GENERAL SHOPPING E OUTLETS DO BRASIL S.A.,GENERALSHOPP,08.764.621/0001-53,AÇÃO
GGBR3,GERDAU S.A.,GERDAU,33.611.500/0001-19,AÇÃO
GGBR4,GERDAU S.A.,GERDAU,33.611.500/0001-19,AÇÃO
GOLL11,GOL LINHAS AEREAS INTELIGENTES S.A.,GOL,06.164.253/0001-87,AÇÃO
GOLL4,GOL LINHAS AEREAS INTELIGENTES S.A.,GOL,06.164.253/0001-87,AÇÃO
GPIV33,GP INVESTMENTS. LTD.,GP INVEST,07.857.850/0001-50,AÇÃO
GPCP3,GPC PARTICIPACOES S.A.,GPC PART,02.193.750/0001-52,AÇÃO
GPCP4,GPC PARTICIPACOES S.A.,GPC PART,02.193.750/0001-52,AÇÃO
CGRA4,GRAZZIOTIN S.A.,GRAZZIOTIN,92.012.467/0001-70,AÇÃO
CGRA3,GRAZZIOTIN S.A.,GRAZZIOTIN,92.012.467/0001-70,AÇÃO
GRND3,GRENDENE S.A.,GRENDENE,89.850.341/0001-60,AÇÃO
CNTO3,GRUPO SBF SA,CENTAURO,13.217.485/0001-11,AÇÃO
GUAR3,GUARARAPES CONFECCOES S.A.,GUARARAPES,08.402.943/0001-52,AÇÃO
HAGA3,HAGA S.A. INDUSTRIA E COMERCIO,HAGA S/A,30.540.991/0001-66,AÇÃO
HAGA4,HAGA S.A. INDUSTRIA E COMERCIO,HAGA S/A,30.540.991/0001-66,AÇÃO
HAPV3,HAPVIDA PARTICIPACOES E INVESTIMENTOS SA,HAPVIDA,05.197.443/0001-38,AÇÃO
HBOR3,HELBOR EMPREENDIMENTOS S.A.,HELBOR,49.263.189/0001-02,AÇÃO
HETA3,HERCULES S.A. FABRICA DE TALHERES,HERCULES,92.749.225/0001-63,AÇÃO
HETA4,HERCULES S.A. FABRICA DE TALHERES,HERCULES,92.749.225/0001-63,AÇÃO
HOOT4,HOTEIS OTHON S.A.,HOTEIS OTHON,33.200.049/0001-47,AÇÃO
HYPE3,HYPERA S.A.,HYPERA,02.932.074/0001-91,AÇÃO
IDNT3,IDEIASNET S.A.,IDEIASNET,02.365.069/0001-44,AÇÃO
IGBR3,IGB ELETRÔNICA S/A,IGB S/A,43.185.362/0001-07,AÇÃO
IGSN3,IGUA SANEAMENTO S.A.,IGUA SA,08.159.965/0001-33,AÇÃO
IGTA3,IGUATEMI EMPRESA DE SHOPPING CENTERS S.A,IGUATEMI,51.218.147/0001-93,AÇÃO
JBDU3,INDUSTRIAS J B DUARTE S.A.,J B DUARTE,60.637.238/0001-54,AÇÃO
JBDU4,INDUSTRIAS J B DUARTE S.A.,J B DUARTE,60.637.238/0001-54,AÇÃO
ROMI3,INDUSTRIAS ROMI S.A.,INDS ROMI,56.720.428/0001-63,AÇÃO
INEP4,INEPAR S.A. INDUSTRIA E CONSTRUCOES,INEPAR,76.627.504/0001-06,AÇÃO
INEP3,INEPAR S.A. INDUSTRIA E CONSTRUCOES,INEPAR,76.627.504/0001-06,AÇÃO
SLCT3B,INNCORP S.A.,SELECTPART,02.604.860/0001-60,AÇÃO
PARD3,INSTITUTO HERMES PARDINI S.A.,IHPARDINI,19.378.769/0001-76,AÇÃO
INNT3,INTER CONSTRUTORA E INCORPORADORA S.A.,INTER SA,09.611.768/0001-76,AÇÃO
MEAL3,INTERNATIONAL MEAL COMPANY ALIMENTACAO S.A.,IMC S/A,17.314.329/0001-20,AÇÃO
FIGE3,INVESTIMENTOS BEMGE S.A.,INVEST BEMGE,01.548.981/0001-79,AÇÃO
FIGE4,INVESTIMENTOS BEMGE S.A.,INVEST BEMGE,01.548.981/0001-79,AÇÃO
IVPR4B,INVESTIMENTOS E PARTICIP. EM INFRA S.A. – INVEPAR,INVEPAR,03.758.318/0001-24,AÇÃO
IVPR3B,INVESTIMENTOS E PARTICIP. EM INFRA S.A. – INVEPAR,INVEPAR,03.758.318/0001-24,AÇÃO
MYPK3,IOCHPE MAXION S.A.,IOCHP-MAXION,61.156.113/0001-75,AÇÃO
RANI3,IRANI PAPEL E EMBALAGEM S.A.,IRANI,92.791.243/0001-03,AÇÃO
RANI4,IRANI PAPEL E EMBALAGEM S.A.,IRANI,92.791.243/0001-03,AÇÃO
IRBR3,IRB – BRASIL RESSEGUROS S.A.,IRBBRASIL RE,33.376.989/0001-91,AÇÃO
#N/D,ITAPEBI GERACAO DE ENERGIA S.A.,ITAPEBI,02.397.080/0001-96,AÇÃO
ITUB3,ITAU UNIBANCO HOLDING S.A.,ITAUUNIBANCO,60.872.504/0001-23,AÇÃO
ITUB4,ITAU UNIBANCO HOLDING S.A.,ITAUUNIBANCO,60.872.504/0001-23,AÇÃO
ITSA3,ITAUSA INVESTIMENTOS ITAU S.A.,ITAUSA,61.532.644/0001-15,AÇÃO
ITSA4,ITAUSA INVESTIMENTOS ITAU S.A.,ITAUSA,61.532.644/0001-15,AÇÃO
#N/D,J. MACEDO S.A.,J.MACEDO,14.998.371/0001-19,AÇÃO
JBSS3,JBS S.A.,JBS,02.916.265/0001-60,AÇÃO
JPSA3,JEREISSATI PARTICIPACOES S.A.,JEREISSATI,60.543.816/0001-93,AÇÃO
JHSF3,JHSF PARTICIPACOES S.A.,JHSF PART,08.294.224/0001-65,AÇÃO
JFEN3,JOAO FORTES ENGENHARIA S.A.,JOAO FORTES,33.035.536/0001-00,AÇÃO
JOPA3,JOSAPAR-JOAQUIM OLIVEIRA S.A. – PARTICIP,JOSAPAR,87.456.562/0001-22,AÇÃO
JOPA4,JOSAPAR-JOAQUIM OLIVEIRA S.A. – PARTICIP,JOSAPAR,87.456.562/0001-22,AÇÃO
JSLG3,JSL S.A.,JSL,52.548.435/0001-79,AÇÃO
CTKA4,KARSTEN S.A.,KARSTEN,82.640.558/0001-04,AÇÃO
CTKA3,KARSTEN S.A.,KARSTEN,82.640.558/0001-04,AÇÃO
KEPL3,KEPLER WEBER S.A.,KEPLER WEBER,91.983.056/0001-69,AÇÃO
KLBN11,KLABIN S.A.,KLABIN S/A,89.637.490/0001-45,AÇÃO
KLBN3,KLABIN S.A.,KLABIN S/A,89.637.490/0001-45,AÇÃO
KLBN4,KLABIN S.A.,KLABIN S/A,89.637.490/0001-45,AÇÃO
LMED3,LIFEMED INDUSTRIAL EQUIP. DE ART. MÉD. HOSP. S.A.,LIFEMED,02.357.251/0001-53,AÇÃO
LIGT3,LIGHT S.A.,LIGHT S/A,03.378.521/0001-75,AÇÃO
#N/D,LIGHT SERVICOS DE ELETRICIDADE S.A.,LIGHT,60.444.437/0001-46,AÇÃO
LINX3,LINX S.A.,LINX,06.948.969/0001-75,AÇÃO
LTEL3B,LITEL PARTICIPACOES S.A.,LITEL,00.743.065/0001-27,AÇÃO
LTLA3B,LITELA PARTICIPAÇÕES S.A.,LITELA,05.495.546/0001-84,AÇÃO
RENT3,LOCALIZA RENT A CAR S.A.,LOCALIZA,16.670.085/0001-55,AÇÃO
LWSA3,LOCAWEB SERVIÇOS DE INTERNET S.A.,LOCAWEB,02.351.877/0001-52,AÇÃO
LOGG3,LOG COMMERCIAL PROPERTIES,LOG COM PROP,09.041.168/0001-10,AÇÃO
LOGN3,LOG-IN LOGISTICA INTERMODAL S.A.,LOG-IN,42.278.291/0001-24,AÇÃO
LAME3,LOJAS AMERICANAS S.A.,LOJAS AMERIC,33.014.556/0001-96,AÇÃO
LAME4,LOJAS AMERICANAS S.A.,LOJAS AMERIC,33.014.556/0001-96,AÇÃO
LREN3,LOJAS RENNER S.A.,LOJAS RENNER,92.754.738/0001-62,AÇÃO
#N/D,LONGDIS S.A.,LONGDIS,02.338.534/0001-58,AÇÃO
LPSB3,LPS BRASIL – CONSULTORIA DE IMOVEIS S.A.,LOPES BRASIL,08.078.847/0001-09,AÇÃO
LUPA3,LUPATECH S.A.,LUPATECH,89.463.822/0001-12,AÇÃO
MDIA3,M.DIAS BRANCO S.A. IND COM DE ALIMENTOS,M.DIASBRANCO,07.206.816/0001-15,AÇÃO
MSRO3,MAESTRO LOCADORA DE VEICULOS S.A.,MAESTROLOC,08.795.211/0001-70,AÇÃO
MGLU3,MAGAZINE LUIZA S.A.,MAGAZ LUIZA,47.960.950/0001-21,AÇÃO
LEVE3,MAHLE-METAL LEVE S.A.,METAL LEVE,60.476.884/0001-87,AÇÃO
MGEL3,MANGELS INDUSTRIAL S.A.,MANGELS INDL,61.065.298/0001-02,AÇÃO
MGEL4,MANGELS INDUSTRIAL S.A.,MANGELS INDL,61.065.298/0001-02,AÇÃO
ESTR4,MANUFATURA DE BRINQUEDOS ESTRELA S.A.,ESTRELA,61.082.004/0001-50,AÇÃO
ESTR3,MANUFATURA DE BRINQUEDOS ESTRELA S.A.,ESTRELA,61.082.004/0001-50,AÇÃO
POMO4,MARCOPOLO S.A.,MARCOPOLO,88.611.835/0001-29,AÇÃO
POMO3,MARCOPOLO S.A.,MARCOPOLO,88.611.835/0001-29,AÇÃO
MRFG3,MARFRIG GLOBAL FOODS S.A.,MARFRIG,03.853.896/0001-40,AÇÃO
AMAR3,MARISA LOJAS S.A.,LOJAS MARISA,61.189.288/0001-89,AÇÃO
MERC3,MERCANTIL BRASIL FINANC S.A. C.F.I.,MERC FINANC,33.040.601/0001-87,AÇÃO
MERC4,MERCANTIL BRASIL FINANC S.A. C.F.I.,MERC FINANC,33.040.601/0001-87,AÇÃO
FRIO3,METALFRIO SOLUTIONS S.A.,METALFRIO,04.821.041/0001-08,AÇÃO
MTIG3,METALGRAFICA IGUACU S.A.,METAL IGUACU,80.227.184/0001-66,AÇÃO
MTIG4,METALGRAFICA IGUACU S.A.,METAL IGUACU,80.227.184/0001-66,AÇÃO
GOAU3,METALURGICA GERDAU S.A.,GERDAU MET,92.690.783/0001-09,AÇÃO
GOAU4,METALURGICA GERDAU S.A.,GERDAU MET,92.690.783/0001-09,AÇÃO
RSUL3,METALURGICA RIOSULENSE S.A.,RIOSULENSE,85.778.074/0001-06,AÇÃO
RSUL4,METALURGICA RIOSULENSE S.A.,RIOSULENSE,85.778.074/0001-06,AÇÃO
MTSA3,METISA METALURGICA TIMBOENSE S.A.,METISA,86.375.425/0001-09,AÇÃO
MTSA4,METISA METALURGICA TIMBOENSE S.A.,METISA,86.375.425/0001-09,AÇÃO
#N/D,MGI – MINAS GERAIS PARTICIPAÇÕES S.A.,MGI PARTICIP,19.296.342/0001-29,AÇÃO
MILS3,MILLS ESTRUTURAS E SERVIÇOS DE ENGENHARIA S.A.,MILLS,27.093.558/0001-15,AÇÃO
MMAQ3,MINASMAQUINAS S.A.,MINASMAQUINA,17.161.241/0001-15,AÇÃO
MMAQ4,MINASMAQUINAS S.A.,MINASMAQUINA,17.161.241/0001-15,AÇÃO
BEEF3,MINERVA S.A.,MINERVA,67.620.377/0001-14,AÇÃO
BEEF11,MINERVA S.A.,MINERVA,67.620.377/0001-14,AÇÃO
MNPR3,MINUPAR PARTICIPACOES S.A.,MINUPAR,90.076.886/0001-40,AÇÃO
MTRE3,MITRE REALTY EMPREENDIMENTOS E PARTICIPAÇÕES S.A.,MITRE REALTY,07.882.930/0001-65,AÇÃO
MMXM3,MMX MINERACAO E METALICOS S.A.,MMX MINER,02.762.115/0001-49,AÇÃO
MOAR3,MONTEIRO ARANHA S.A.,MONT ARANHA,33.102.476/0001-92,AÇÃO
MDNE3,MOURA DUBEUX ENGENHARIA S/A,MOURA DUBEUX,12.049.631/0001-84,AÇÃO
MOVI3,MOVIDA PARTICIPACOES SA,MOVIDA,21.314.559/0001-66,AÇÃO
MRSA3B,MRS LOGISTICA S.A.,MRS LOGIST,01.417.222/0001-77,AÇÃO
MRSA5B,MRS LOGISTICA S.A.,MRS LOGIST,01.417.222/0001-77,AÇÃO
MRSA6B,MRS LOGISTICA S.A.,MRS LOGIST,01.417.222/0001-77,AÇÃO
MRVE3,MRV ENGENHARIA E PARTICIPACOES S.A.,MRV,08.343.492/0001-20,AÇÃO
MULT3,MULTIPLAN – EMPREEND IMOBILIARIOS S.A.,MULTIPLAN,07.816.890/0001-53,AÇÃO
MNDL3,MUNDIAL S.A. – PRODUTOS DE CONSUMO,MUNDIAL,88.610.191/0001-54,AÇÃO
NTCO3,NATURA &CO HOLDING S.A.,GRUPO NATURA,32.785.497/0001-97,AÇÃO
#N/D,NATURA COSMETICOS S.A.,NATURA,71.673.990/0001-77,AÇÃO
NEOE3,NEOENERGIA S.A.,NEOENERGIA,01.083.200/0001-18,AÇÃO
NORD3,NORDON INDUSTRIAS METALURGICAS S.A.,NORDON MET,60.884.319/0001-59,AÇÃO
NRTQ3,NORTEC QUÍMICA S.A.,NORTCQUIMICA,29.950.060/0001-57,AÇÃO
GNDI3,NOTRE DAME INTERMEDICA PARTICIPACOES SA,INTERMEDICA,19.853.511/0001-84,AÇÃO
#N/D,NUTRIPLANT INDUSTRIA E COMERCIO S.A.,NUTRIPLANT,51.128.999/0001-90,AÇÃO
#N/D,OCTANTE SECURITIZADORA S.A.,OCTANTE SEC,12.139.922/0001-63,AÇÃO
ODPV3,ODONTOPREV S.A.,ODONTOPREV,58.119.199/0001-51,AÇÃO
OIBR4,OI S.A.,OI,76.535.764/0001-43,AÇÃO
OIBR3,OI S.A.,OI,76.535.764/0001-43,AÇÃO
OMGE3,OMEGA GERAÇÃO S.A.,OMEGA GER,09.149.503/0001-06,AÇÃO
OPHE3B,OPPORTUNITY ENERGIA E PARTICIPACOES S.A.,OPPORT ENERG,02.318.346/0001-68,AÇÃO
OSXB3,OSX BRASIL S.A.,OSX BRASIL,09.112.685/0001-32,AÇÃO
#N/D,OURINVEST SECURITIZADORA SA,OURINVESTSEC,12.320.349/0001-90,AÇÃO
OFSA3,OURO FINO SAUDE ANIMAL PARTICIPACOES S.A.,OUROFINO S/A,20.258.278/0001-70,AÇÃO
#N/D,OURO VERDE LOCACAO E SERVICO S.A.,OURO VERDE,75.609.123/0001-23,AÇÃO
PATI3,PANATLANTICA S.A.,PANATLANTICA,92.693.019/0001-89,AÇÃO
PATI4,PANATLANTICA S.A.,PANATLANTICA,92.693.019/0001-89,AÇÃO
#N/D,PARANA BCO S.A.,PARANA,14.388.334/0001-99,AÇÃO
PMAM3,PARANAPANEMA S.A.,PARANAPANEMA,60.398.369/0004-79,AÇÃO
#N/D,PATRIA CIA SECURITIZADORA DE CRED IMOB,PATRIA SEC,02.736.470/0001-43,AÇÃO
PTBL3,PBG S/A,PORTOBELLO,83.475.913/0001-91,AÇÃO
#N/D,PDG COMPANHIA SECURITIZADORA,PDG SECURIT,09.538.973/0001-53,AÇÃO
PDGR3,PDG REALTY S.A. EMPREEND E PARTICIPACOES,PDG REALT,02.950.811/0001-89,AÇÃO
PRIO3,PETRO RIO S.A.,PETRORIO,10.629.105/0001-68,AÇÃO
BRDT3,PETROBRAS DISTRIBUIDORA S/A,PETROBRAS BR,34.274.233/0001-02,AÇÃO
PETR4,PETROLEO BRASILEIRO S.A. PETROBRAS,PETROBRAS,33.000.167/0001-01,AÇÃO
PETR3,PETROLEO BRASILEIRO S.A. PETROBRAS,PETROBRAS,33.000.167/0001-01,AÇÃO
PTNT3,PETTENATI S.A. INDUSTRIA TEXTIL,PETTENATI,88.613.658/0001-10,AÇÃO
PTNT4,PETTENATI S.A. INDUSTRIA TEXTIL,PETTENATI,88.613.658/0001-10,AÇÃO
PLAS3,PLASCAR PARTICIPACOES INDUSTRIAIS S.A.,PLASCAR PART,51.928.174/0001-50,AÇÃO
#N/D,POLO CAPITAL SECURITIZADORA S.A,POLO CAP SEC,12.261.588/0001-16,AÇÃO
PPAR3,POLPAR S.A.,POLPAR,59.789.545/0001-71,AÇÃO
FRTA3,POMIFRUTAS S/A,POMIFRUTAS,86.550.951/0001-50,AÇÃO
PSSA3,PORTO SEGURO S.A.,PORTO SEGURO,02.149.205/0001-69,AÇÃO
PSVM11,PORTO SUDESTE V.M. S.A.,PORTO VM,18.494.485/0001-82,AÇÃO
POSI3,POSITIVO TECNOLOGIA S.A.,POSITIVO TEC,81.243.735/0001-48,AÇÃO
PPLA11,PPLA PARTICIPATIONS LTD.,PPLA,15.073.274/0001-88,AÇÃO
PTCA11,PRATICA KLIMAQUIP INDUSTRIA E COMERCIO SA,PRATICA,08.574.411/0001-00,AÇÃO
PTCA3,PRATICA KLIMAQUIP INDUSTRIA E COMERCIO SA,PRATICA,08.574.411/0001-00,AÇÃO
PRNR3,PRINER SERVIÇOS INDUSTRIAIS S.A.,PRINER,18.593.815/0001-97,AÇÃO
PRMN3B,PRODUTORES ENERGET.DE MANSO S.A.- PROMAN,PROMAN,02.291.077/0001-93,AÇÃO
PFRM3,PROFARMA DISTRIB PROD FARMACEUTICOS S.A.,PROFARMA,45.453.214/0001-51,AÇÃO
PRPT3B,PROMPT PARTICIPACOES S.A.,PROMPT PART,02.992.449/0001-09,AÇÃO
QUAL3,QUALICORP CONSULTORIA E CORRETORA DE SEGUROS S.A.,QUALICORP,11.992.680/0001-93,AÇÃO
QUSW3,QUALITY SOFTWARE S.A.,QUALITY SOFT,35.791.391/0001-94,AÇÃO
RADL3,RAIA DROGASIL S.A.,RAIADROGASIL,61.585.865/0001-51,AÇÃO
#N/D,RAIZEN ENERGIA S.A.,RAIZEN ENERG,08.070.508/0001-78,AÇÃO
RAPT4,RANDON S.A. IMPLEMENTOS E PARTICIPACOES,RANDON PART,89.086.144/0001-16,AÇÃO
RAPT3,RANDON S.A. IMPLEMENTOS E PARTICIPACOES,RANDON PART,89.086.144/0001-16,AÇÃO
#N/D,RB CAPITAL COMPANHIA DE SECURITIZAÇÃO,RBCAPITALRES,02.773.542/0001-22,AÇÃO
#N/D,REAL AI PIC SEC DE CREDITOS IMOBILIARIO S.A.,WTORRE PIC,02.643.896/0001-52,AÇÃO
RCSL3,RECRUSUL S.A.,RECRUSUL,91.333.666/0001-17,AÇÃO
RCSL4,RECRUSUL S.A.,RECRUSUL,91.333.666/0001-17,AÇÃO
REDE3,REDE ENERGIA PARTICIPAÇÕES S.A.,REDE ENERGIA,61.584.140/0001-49,AÇÃO
RPMG3,REFINARIA DE PETROLEOS MANGUINHOS S.A.,PET MANGUINH,33.412.081/0001-96,AÇÃO
RNEW11,RENOVA ENERGIA S.A.,RENOVA,08.534.605/0001-74,AÇÃO
RNEW4,RENOVA ENERGIA S.A.,RENOVA,08.534.605/0001-74,AÇÃO
RNEW3,RENOVA ENERGIA S.A.,RENOVA,08.534.605/0001-74,AÇÃO
LLIS3,RESTOQUE COMÉRCIO E CONFECÇÕES DE ROUPAS S.A.,LE LIS BLANC,49.669.856/0001-43,AÇÃO
#N/D,RGE SUL DISTRIBUIDORA DE ENERGIA S.A.,AES SUL,02.016.440/0001-62,AÇÃO
GEPA3,RIO PARANAPANEMA ENERGIA S.A.,GER PARANAP,02.998.301/0001-81,AÇÃO
GEPA4,RIO PARANAPANEMA ENERGIA S.A.,GER PARANAP,02.998.301/0001-81,AÇÃO
RDNI3,RNI NEGÓCIOS IMOBILIÁRIOS S.A.,RNI,67.010.660/0001-24,AÇÃO
#N/D,RODOVIAS DAS COLINAS S.A.,ROD COLINAS,03.025.305/0001-46,AÇÃO
RSID3,ROSSI RESIDENCIAL S.A.,ROSSI RESID,61.065.751/0001-80,AÇÃO
FRRN3B,RUMO MALHA NORTE S.A.,ALL NORTE,24.962.466/0001-36,AÇÃO
FRRN5B,RUMO MALHA NORTE S.A.,ALL NORTE,24.962.466/0001-36,AÇÃO
FRRN6B,RUMO MALHA NORTE S.A.,ALL NORTE,24.962.466/0001-36,AÇÃO
#N/D,RUMO MALHA PAULISTA S.A.,ALL PAULISTA,02.502.844/0001-66,AÇÃO
RAIL3,RUMO S.A.,RUMO S.A.,02.387.241/0001-60,AÇÃO
#N/D,SALUS INFRAESTRUTURA PORTUARIA SA,SALUS INFRA,15.494.541/0001-90,AÇÃO
#N/D,SANESALTO SANEAMENTO S.A.,SANESALTO,02.724.983/0001-34,AÇÃO
SNSY3,SANSUY S.A. INDUSTRIA DE PLASTICOS,SANSUY,14.807.945/0001-24,AÇÃO
SNSY5,SANSUY S.A. INDUSTRIA DE PLASTICOS,SANSUY,14.807.945/0001-24,AÇÃO
SNSY6,SANSUY S.A. INDUSTRIA DE PLASTICOS,SANSUY,14.807.945/0001-24,AÇÃO
#N/D,SANTHER FAB DE PAPEL STA THEREZINHA S.A.,SANTHER,61.101.895/0001-45,AÇÃO
#N/D,SANTO ANTONIO ENERGIA S.A.,STO ANTONIO,09.391.823/0001-60,AÇÃO
STBP3,SANTOS BRASIL PARTICIPACOES S.A.,SANTOS BRP,02.762.121/0001-04,AÇÃO
SCAR3,SAO CARLOS EMPREEND E PARTICIPACOES S.A.,SAO CARLOS,29.780.061/0001-09,AÇÃO
SMTO3,SAO MARTINHO S.A.,SAO MARTINHO,51.466.860/0001-56,AÇÃO
AHEB3,SAO PAULO TURISMO S.A.,SPTURIS,62.002.886/0001-60,AÇÃO
AHEB5,SAO PAULO TURISMO S.A.,SPTURIS,62.002.886/0001-60,AÇÃO
AHEB6,SAO PAULO TURISMO S.A.,SPTURIS,62.002.886/0001-60,AÇÃO
SLED4,SARAIVA LIVREIROS S.A. – EM RECUPERAÇÃO JUDICIAL,SARAIVA LIVR,60.500.139/0001-26,AÇÃO
SLED3,SARAIVA LIVREIROS S.A. – EM RECUPERAÇÃO JUDICIAL,SARAIVA LIVR,60.500.139/0001-26,AÇÃO
SHUL4,SCHULZ S.A.,SCHULZ,84.693.183/0001-68,AÇÃO
SHUL3,SCHULZ S.A.,SCHULZ,84.693.183/0001-68,AÇÃO
SEER3,SER EDUCACIONAL S.A.,SER EDUCA,04.986.320/0001-13,AÇÃO
APTI3,SIDERURGICA J. L. ALIPERTI S.A.,ALIPERTI,61.156.931/0001-78,AÇÃO
APTI4,SIDERURGICA J. L. ALIPERTI S.A.,ALIPERTI,61.156.931/0001-78,AÇÃO
SQIA3,SINQIA S.A.,SINQIA,04.065.791/0001-99,AÇÃO
SLCE3,SLC AGRICOLA S.A.,SLC AGRICOLA,89.096.457/0001-55,AÇÃO
SMFT3,SMARTFIT ESCOLA DE GINÁSTICA E DANÇA S.A.,SMART FIT,07.594.978/0001-78,AÇÃO
SMLS3,SMILES FIDELIDADE S.A.,SMILES,05.730.375/0001-20,AÇÃO
SOND3,SONDOTECNICA ENGENHARIA SOLOS S.A.,SONDOTECNICA,33.386.210/0001-19,AÇÃO
SOND5,SONDOTECNICA ENGENHARIA SOLOS S.A.,SONDOTECNICA,33.386.210/0001-19,AÇÃO
SOND6,SONDOTECNICA ENGENHARIA SOLOS S.A.,SONDOTECNICA,33.386.210/0001-19,AÇÃO
SPRI3,SPRINGER S.A.,SPRINGER,92.929.520/0001-00,AÇÃO
SPRI5,SPRINGER S.A.,SPRINGER,92.929.520/0001-00,AÇÃO
SPRI6,SPRINGER S.A.,SPRINGER,92.929.520/0001-00,AÇÃO
SGPS3,SPRINGS GLOBAL PARTICIPACOES S.A.,SPRINGS,07.718.269/0001-57,AÇÃO
#N/D,STARA S.A. – INDÚSTRIA DE IMPLEMENTOS AGRÍCOLAS,STARA,91.495.499/0001-00,AÇÃO
STKF3,STATKRAFT ENERGIAS RENOVAVEIS S.A.,STATKRAFT,00.622.416/0001-41,AÇÃO
OPSE3B,SUDESTE S.A.,SUDESTE S/A,02.062.747/0001-08,AÇÃO
OPTS3B,SUL 116 PARTICIPACOES S.A.,SUL 116 PART,01.957.772/0001-89,AÇÃO
SULA11,SUL AMERICA S.A.,SUL AMERICA,29.978.814/0001-87,AÇÃO
SULA3,SUL AMERICA S.A.,SUL AMERICA,29.978.814/0001-87,AÇÃO
SULA4,SUL AMERICA S.A.,SUL AMERICA,29.978.814/0001-87,AÇÃO
NEMO3,SUZANO HOLDING S.A.,SUZANO HOLD,60.651.809/0001-05,AÇÃO
NEMO5,SUZANO HOLDING S.A.,SUZANO HOLD,60.651.809/0001-05,AÇÃO
NEMO6,SUZANO HOLDING S.A.,SUZANO HOLD,60.651.809/0001-05,AÇÃO
SUZB3,SUZANO S.A.,SUZANO S.A.,16.404.287/0001-55,AÇÃO
SHOW3,T4F ENTRETENIMENTO S.A.,TIME FOR FUN,02.860.694/0001-62,AÇÃO
TASA13,TAURUS ARMAS S.A.,TAURUS ARMAS,92.781.335/0001-02,AÇÃO
TASA15,TAURUS ARMAS S.A.,TAURUS ARMAS,92.781.335/0001-02,AÇÃO
TASA17,TAURUS ARMAS S.A.,TAURUS ARMAS,92.781.335/0001-02,AÇÃO
TASA3,TAURUS ARMAS S.A.,TAURUS ARMAS,92.781.335/0001-02,AÇÃO
TASA4,TAURUS ARMAS S.A.,TAURUS ARMAS,92.781.335/0001-02,AÇÃO
#N/D,TCP TERMINAL DE CONTEINERES DE PARANAGUA SA,TCP TERMINAL,12.919.786/0001-24,AÇÃO
TECN3,TECHNOS S.A.,TECHNOS,09.295.063/0001-97,AÇÃO
TCSA3,TECNISA S.A.,TECNISA,08.065.557/0001-12,AÇÃO
TCNO3,TECNOSOLO ENGENHARIA S.A.,TECNOSOLO,33.111.246/0001-90,AÇÃO
TCNO4,TECNOSOLO ENGENHARIA S.A.,TECNOSOLO,33.111.246/0001-90,AÇÃO
TGMA3,TEGMA GESTAO LOGISTICA S.A.,TEGMA,02.351.144/0001-18,AÇÃO
TEKA3,TEKA-TECELAGEM KUEHNRICH S.A.,TEKA,82.636.986/0001-55,AÇÃO
TEKA4,TEKA-TECELAGEM KUEHNRICH S.A.,TEKA,82.636.986/0001-55,AÇÃO
TKNO3,TEKNO S.A. – INDUSTRIA E COMERCIO,TEKNO,33.467.572/0001-34,AÇÃO
TKNO4,TEKNO S.A. – INDUSTRIA E COMERCIO,TEKNO,33.467.572/0001-34,AÇÃO
TELB4,TELEC BRASILEIRAS S.A. TELEBRAS,TELEBRAS,00.336.701/0001-04,AÇÃO
TELB3,TELEC BRASILEIRAS S.A. TELEBRAS,TELEBRAS,00.336.701/0001-04,AÇÃO
VIVT3,TELEFÔNICA BRASIL S.A,TELEF BRASIL,02.558.157/0001-62,AÇÃO
VIVT4,TELEFÔNICA BRASIL S.A,TELEF BRASIL,02.558.157/0001-62,AÇÃO
#N/D,TERMELÉTRICA PERNAMBUCO III S.A.,TERM. PE III,10.502.676/0001-37,AÇÃO
MNZC3B,TERMINAL GARAGEM MENEZES CORTES S.A.,MENEZES CORT,02.664.042/0001-52,AÇÃO
#N/D,TERMOPERNAMBUCO S.A.,TERMOPE,03.795.050/0001-09,AÇÃO
TESA12,TERRA SANTA AGRO S.A.,TERRA SANTA,05.799.312/0001-20,AÇÃO
TESA3,TERRA SANTA AGRO S.A.,TERRA SANTA,05.799.312/0001-20,AÇÃO
#N/D,TEXTIL RENAUXVIEW S.A.,TEX RENAUX,82.982.075/0001-80,AÇÃO
TIMP3,TIM PARTICIPACOES S.A.,TIM PART S/A,02.558.115/0001-21,AÇÃO
TOTS3,TOTVS S.A.,TOTVS,53.113.791/0001-22,AÇÃO
TPIS3,TPI – TRIUNFO PARTICIP. E INVEST. S.A.,TRIUNFO PART,03.014.553/0001-91,AÇÃO
TAEE11,TRANSMISSORA ALIANÇA DE ENERGIA ELÉTRICA S.A.,TAESA,07.859.971/0001-30,AÇÃO
TAEE3,TRANSMISSORA ALIANÇA DE ENERGIA ELÉTRICA S.A.,TAESA,07.859.971/0001-30,AÇÃO
TAEE4,TRANSMISSORA ALIANÇA DE ENERGIA ELÉTRICA S.A.,TAESA,07.859.971/0001-30,AÇÃO
LUXM3,TREVISA INVESTIMENTOS S.A.,TREVISA,92.660.570/0001-26,AÇÃO
LUXM4,TREVISA INVESTIMENTOS S.A.,TREVISA,92.660.570/0001-26,AÇÃO
#N/D,TRIÂNGULO DO SOL AUTO-ESTRADAS S.A.,TRIANGULOSOL,02.509.186/0001-34,AÇÃO
TRIS3,TRISUL S.A.,TRISUL,08.811.643/0001-27,AÇÃO
CRPG3,TRONOX PIGMENTOS DO BRASIL S.A.,CRISTAL,15.115.504/0001-24,AÇÃO
CRPG5,TRONOX PIGMENTOS DO BRASIL S.A.,CRISTAL,15.115.504/0001-24,AÇÃO
CRPG6,TRONOX PIGMENTOS DO BRASIL S.A.,CRISTAL,15.115.504/0001-24,AÇÃO
APCS-CRI05B0,TRUE SECURITIZADORA S.A.,TRUESEC,12.130.744/0001-00,AÇÃO
TUPY3,TUPY S.A.,TUPY,84.683.374/0001-49,AÇÃO
UGPA3,ULTRAPAR PARTICIPACOES S.A.,ULTRAPAR,33.256.439/0001-39,AÇÃO
UCAS3,UNICASA INDÚSTRIA DE MÓVEIS S.A.,UNICASA,90.441.460/0001-48,AÇÃO
#N/D,UNIDAS S.A.,UNIDAS,04.437.534/0001-30,AÇÃO
UNIP3,UNIPAR CARBOCLORO S.A.,UNIPAR,33.958.695/0001-78,AÇÃO
UNIP5,UNIPAR CARBOCLORO S.A.,UNIPAR,33.958.695/0001-78,AÇÃO
UNIP6,UNIPAR CARBOCLORO S.A.,UNIPAR,33.958.695/0001-78,AÇÃO
UPKP3B,UPTICK PARTICIPACOES S.A.,UPTICK,02.162.616/0001-94,AÇÃO
USIM6,USINAS SID DE MINAS GERAIS S.A.-USIMINAS,USIMINAS,60.894.730/0001-05,AÇÃO
USIM5,USINAS SID DE MINAS GERAIS S.A.-USIMINAS,USIMINAS,60.894.730/0001-05,AÇÃO
USIM3,USINAS SID DE MINAS GERAIS S.A.-USIMINAS,USIMINAS,60.894.730/0001-05,AÇÃO
VALE3,VALE S.A.,VALE,33.592.510/0001-54,AÇÃO
VLID3,VALID SOLUÇÕES S.A.,VALID,33.113.309/0001-47,AÇÃO
#N/D,VERT COMPANHIA SECURITIZADORA,VERTCIASEC,25.005.683/0001-09,AÇÃO
VVAR3,VIA VAREJO S.A.,VIAVAREJO,33.041.260/0652-90,AÇÃO
VIVA3,VIVARA PARTICIPAÇOES S.A,VIVARA S.A.,33.839.910/0001-11,AÇÃO
VIVR3,VIVER INCORPORADORA E CONSTRUTORA S.A.,VIVER,67.571.414/0001-41,AÇÃO
VULC3,VULCABRAS/AZALEIA S.A.,VULCABRAS,50.926.955/0001-42,AÇÃO
WEGE3,WEG S.A.,WEG,84.429.695/0001-11,AÇÃO
MWET3,WETZEL S.A.,WETZEL S/A,84.683.671/0001-94,AÇÃO
MWET4,WETZEL S.A.,WETZEL S/A,84.683.671/0001-94,AÇÃO
WHRL3,WHIRLPOOL S.A.,WHIRLPOOL,59.105.999/0001-86,AÇÃO
WSON33,WILSON SONS LTD.,WILSON SONS,05.721.735/0001-28,AÇÃO
WIZS3,WIZ SOLUÇÕES E CORRETAGEM DE SEGUROS S.A.,WIZ S.A.,42.278.473/0001-03,AÇÃO
WLMM3,WLM PART. E COMÉRCIO DE MÁQUINAS E VEÍCULOS S.A.,WLM IND COM,33.228.024/0001-51,AÇÃO
WLMM4,WLM PART. E COMÉRCIO DE MÁQUINAS E VEÍCULOS S.A.,WLM IND COM,33.228.024/0001-51,AÇÃO
YDUQ3,YDUQS PARTICIPACOES S.A.,YDUQS PART,08.807.432/0001-10,AÇÃO
QVQP3B,524 PARTICIPACOES S.A.,524 PARTICIP,01.851.771/0001-55,AÇÃO
FPAB11,FDO INV IMOB PROJETO ÁGUA BRANCA,FII A BRANCA,03.251.720/0001-18,FII
ABCP11,FDO INV IMOB GRAND PLAZA SHOPPING,FII ABC IMOB,01.201.140/0001-90,FII
BPFF11,FDO INV IMOB BRASIL PLURAL ABSOLUTO FDO DE FUNDOS,FII ABSOLUTO,17.324.357/0001-28,FII
AFCR11,AF INVEST FDO INV. IMOB. – RECEBÍVEIS IMOB.,FII AFINVCR,32.065.364/0001-46,FII
ALZR11,ALIANZA TRUST RENDA IMOBILIARIA FDO INV IMOB,FII ALIANZA,28.737.771/0001-85,FII
AFOF,ALIANZA FOFII FDO. INVEST. IMOB.,FII ALIANZFF,34.847.063/0001-08,FII
FAMB11B,FDO INV IMOB – FII EDIFÍCIO ALMIRANTE BARROSO,FII ALMIRANT,05.562.312/0001-02,FII
ANCR11B,FDO INV IMOB – FII ANCAR IC,FII ANCAR IC,07.789.135/0001-27,FII
FAED11,FDO INV IMOB – FII ANHANGUERA EDUCACIONAL,FII ANH EDUC,11.179.118/0001-45,FII
ARFI11B,AQ3 RENDA FDO INV IMOB – FII,FII AQUIL RD,14.069.202/0001-02,FII
AQLL11,ÁQUILLA FDO INV IMOB – FII,FII AQUILLA,13.555.918/0001-49,FII
FATN11,FUNDO DE INVESTIMENTO IMOBILIÁRIO ATHENA I,FII ATHENA I,30.567.216/0001-02,FII
ARRI11,FDO. INV. IMOB. ÁTRIO REIT RECEBÍVEIS IMOBILIÁRIOS,FII ATRIO,32.006.821/0001-21,FII
AIEC,AUTONOMY EDIFÍCIOS CORPORATIVOS FUND. INV. IMOB.,FII AUTONOMY,35.765.826/0001-26,FII
BVAR11,FDO INV IMOB BRASIL VAREJO – FII,FII B VAREJO,21.126.204/0001-43,FII
BNFS11,BANRISUL NOVAS FRONTEIRAS FDO INV IMOB – FII,FII BANRISUL,15.570.431/0001-60,FII
BARI11,FDO INV IMOB BARIGUI RENDIMENTOS IMOB I FII,FII BARIGUI,29.267.567/0001-00,FII
BBRC11,BB RENDA CORPORATIVA FDO INV IMOB – FII,FII BB CORP,12.681.340/0001-04,FII
RDPD11,BB RENDA DE PAPEIS IMOB II FDO INV IMOB – FII,FII BB PAPII,23.120.027/0001-13,FII
BBPO11,BB PROGRESSIVO II FDO INV IMOB – FII,FII BB PRGII,14.410.722/0001-29,FII
BBFI11B,BB FDO INV IMOB PROGRESSIVO,FII BB PROGR,07.000.400/0001-46,FII
RNDP11,BB RENDA DE PAPÉIS IMOBILIÁRIOS FDO INV IMOB – FII,FII BB R PAP,15.394.563/0001-89,FII
BBIM11,BB RECEBIVEIS IMOBILIARIOS FDO INV IMOB – FII,FII BB RECIM,20.716.161/0001-93,FII
BCFF11,FDO INV IMOB – FII BTG PACTUAL FUNDO DE FUNDOS,FII BC FFII,11.026.627/0001-38,FII
BRCR11,FDO INV IMOB – FII BTG PACTUAL CORP. OFFICE FUND,FII BC FUND,08.924.783/0001-01,FII
BCIA11,BRADESCO CARTEIRA IMOBILIÁRIA ATIVA – FII,FII BCIA,20.216.935/0001-17,FII
BCRI11,BANESTES RECEBÍVEIS IMOBILIÁRIOS FDO INV IMOB FII,FII BEES CRI,22.219.335/0001-38,FII
BLCP11,BLUECAP RENDA LOG. FDO INV. IMOB. – FII,FII BLUECAP,35.652.060/0001-73,FII
BLMO11,BLUEMACAW OFFICE FUND II – FDO. INVEST. IMOB.,FII BLUEMAC,34.895.894/0001-47,FII
THRA11,FDO INV IMOB – FII CYRELA THERA CORPORATE,FII BM THERA,13.966.653/0001-71,FII
BMLC11B,FDO INV IMOB – FII BM BRASCAN LAJES CORPORATIVAS,FII BMBRC LC,14.376.247/0001-11,FII
BPMA,BRIO PRIME MALLS – FDO. INVEST. IMOB.,FII BP MALLS,35.507.743/0001-37,FII
BMII11,FDO BRASÍLIO MACHADO DE INVESTIMENTO IMOBILIÁRIO,FII BRASILIO,02.027.437/0001-44,FII
BREV11,BRAZIL REAL ESTATE VICTORY FUND I – FDO. INV. IMOB,FII BRE VIC,26.195.121/0001-20,FII
BRCO11,BRESCO LOGÍSTICA – FDO INV IMOB,FII BRESCO,20.748.515/0001-81,FII
BRHT11B,FDO INV IMOB BR HOTEIS – FII,FII BRHOTEIS,15.461.076/0001-91,FII
BRIM,BRIO REAL ESTATE II – FDO INV IMOB,FII BRIO II,23.964.843/0001-03,FII
BPRP11,FDO INV IMOB – FII BRLPROP,FII BRLPROP,29.800.650/0001-01,FII
BZLI11,BRAZIL REALTY FDO INV IMOB,FII BRREALTY,14.074.706/0001-02,FII
BTCR11,FDO INV IMOB – BTG PACTUAL CREDITO IMOBILIARIO,FII BTG CRI,29.787.928/0001-40,FII
BPML11,FDO INV IMOB BTG PACTUAL SHOPPINGS,FII BTG SHOP,33.046.142/0001-49,FII
BTLG11,BTG PACTUAL LOGISTICA FDO INV IMOB – FII,FII BTLG,11.839.593/0001-09,FII
BTSG,BTSP I FDO. INVEST. IMOB – FII,FII BTSP I,36.098.375/0001-83,FII
CBOP11,CASTELLO BRANCO OFFICE PARK FDO INV IMOB – FII,FII C BRANCO,17.144.039/0001-85,FII
BBVJ11,FDO INV IMOB BB VOTORANTIM C JARD CONT TOWER,FII C JARDIM,10.347.985/0001-80,FII
CTXT11,FDO INV IMOB CENTRO TEXTIL INTERNACIONAL,FII C TEXTIL,00.762.723/0001-28,FII
FCFL11,FDO INV IMOB – FII CAMPUS FARIA LIMA,FII CAMPUSFL,11.602.654/0001-01,FII
CPFF11,CAPITÂNIA REIT FOF – FDO. INVEST. IMOB,FII CAP REIT,34.081.611/0001-23,FII
CPTS11B,CAPITANIA SECURITIES II FDO INV IMOB – FII,FII CAPI SEC,18.979.895/0001-13,FII
CNES11,FDO INV IMOB – FII CENESP,FII CENESP,13.551.286/0001-45,FII
CEOC11,FDO INV IMOB – FII CEO CYRELA COMMERC. PROPERTIES,FII CEO CCP,15.799.397/0001-09,FII
CJFI,FDO INV IMOB CJ – FII,FII CJ,23.582.914/0001-03,FII
HCRI11,FDO INV IMOB – FII HOSPITAL DA CRIANÇA,FII CRIANCA,04.066.582/0001-60,FII
HGCR11,CSHG RECEBÍVEIS IMOBILIÁRIOS FDO INV IMOB – FII,FII CSHG CRI,11.160.521/0001-22,FII
HGFF11,CSHG IMOB. FOF – FDO INV. IMOB. – FII,FII CSHG FOF,32.784.898/0001-22,FII
HGLG11,CSHG LOGÍSTICA FDO INV IMOB – FII,FII CSHG LOG,11.728.688/0001-47,FII
HGRU11,CSHG RENDA URBANA – FDO INV IMOB – FII,FII CSHG URB,29.641.226/0001-53,FII
HGPO11,CSHG PRIME OFFICES FDO INV IMOB – FII,FII CSHGPRIM,11.260.134/0001-68,FII
CXCE11B,FDO INV IMOB CAIXA CEDAE,FII CX CEDAE,10.991.914/0001-15,FII
CRFF11,CAIXA RIO BRAVO FDO DE FDOS INV IMOB II,FII CX RBRA2,31.887.401/0001-39,FII
CXRI11,CAIXA RIO BRAVO FUNDO DE FDO INV IMOB – FII,FII CX RBRAV,17.098.794/0001-70,FII
CXTL11,FDO INV IMOB CAIXA TRX LOGÍSTICA RENDA,FII CX TRX,12.887.506/0001-43,FII
PQDP11,FDO INV IMOB – FII PARQUE D. PEDRO SHOPPING CENTER,FII D PEDRO,10.869.155/0001-12,FII
CARE11,BRAZILIAN GRAVEYARD DEATH CARE FDO INV IMOB – FII,FII DEA CARE,13.584.584/0001-31,FII
DLMT,DEL MONTE AJAX FDO INV IMOB – FII,FII DEL MONT,28.108.193/0001-18,FII
DAMT11B,DIAMANTE FDO INV IMOB,FII DIAMANTE,26.642.727/0001-66,FII
FISD11,SAO DOMINGOS FDO INV IMOB – FII,FII DOMINGOS,16.543.270/0001-89,FII
DOMC11,REAG RENDA IMOBILIARIA FDO INV IMOB – FII,FII DOMO,17.374.696/0001-19,FII
DOVL11B,DOVEL FDO INV IMOB,FII DOVEL,10.522.648/0001-81,FII
ELDO11B,FDO INV IMOB – FII ELDORADO,FII ELDORADO,13.022.994/0001-99,FII
ERPA11,EUROPA 105 – FDO INV IMOB,FII EUROPA,31.469.385/0001-64,FII
EURO11,FDO INV IMOB EUROPAR,FII EUROPAR,05.437.916/0001-27,FII
KINP11,EVEN PERMUTA KINEA FII – FDO INV IMOB,FII EV KINEA,24.070.076/0001-51,FII
FEXC11,FDO INV IMOB – FII BTG PACTUAL FUNDO DE CRI,FII EXCELLEN,09.552.812/0001-14,FII
VRTA11,FATOR VERITA FDO INV IMOB – FII,FII FATOR VE,11.664.201/0001-00,FII
FLCR,FARIA LIMA CAPITAL RECEB. IMOB. I – FDO INV. IMOB.,FII FL RECEB,33.884.145/0001-51,FII
FLRP11,FDO INV IMOB – FII FLORIPA SHOPPING,FII FLORIPA,10.375.382/0001-91,FII
IBFF11,FDO INV. IMOB. FOF INTEGRAL BREI,FII FOF BREI,33.721.517/0001-29,FII
GTWR11,FDO INV IMOB GREEN TOWERS,FII G TOWERS,23.740.527/0001-58,FII
GCFF,GALAPAGOS FDO DE FDO – FII FDO INV. IMOB.,FII GALAPAGO,35.652.154/0001-42,FII
EDGA11,FDO INV IMOB – FII EDIFÍCIO GALERIA,FII GALERIA,15.333.306/0001-37,FII
GESE11B,FDO INV IMOB GENERAL SEVERIANO – FII,FII GEN SEV,17.007.528/0001-95,FII
FIGS11,FDO INV IMOB GENERAL SHOPPING ATIVO E RENDA – FII,FII GEN SHOP,17.590.518/0001-25,FII
GSFI11,GENERAL SHOP E OUTLETS DO BRASIL FDO INV IMOB – FI,FII GENERAL,11.769.604/0001-13,FII
GGRC11,GGR COVEPI RENDA FDO INV IMOB,FII GGRCOVEP,26.614.291/0001-00,FII
RCFA11,GRUPO RCFA FDO INV IMOB,FII GP RCFA,27.771.586/0001-44,FII
HUSC11,FDO INV IMOB HOSPITAL UNIMED SUL CAPIXABA,FII H UNIMED,28.851.767/0001-43,FII
HABT11,HABITAT II – FDO INV IMOB,FII HABIT II,30.578.417/0001-05,FII
HBTT11,FDO INV IMOB HABITAT I,FII HABITAT,26.846.202/0001-42,FII
ATSA11,HEDGE ATRIUM SHOPPING SANTO ANDRE FDO INV IMOB,FII HATRIUM,12.809.972/0001-00,FII
ATCR11,HAZ FDO INV IMOB – FII,FII HAZ,14.631.148/0001-39,FII
HCTR11,HECTARE CE – FDO INV IMOB,FII HECTARE,30.248.180/0001-96,FII
HPDP11,HEDGE SHOPPING PARQUE DOM PEDRO FDO. DE INV. IMOB.,FII HEDGE RE,35.586.415/0001-73,FII
HAAA,HEDGE AAA FDO. INV. IMOB.,FII HEDGEAAA,27.445.482/0001-40,FII
HGBS11,HEDGE BRASIL SHOPPING FDO INV IMOB,FII HEDGEBS,08.431.747/0001-06,FII
HLOG11,HEDGE LOGÍSTICA FDO. INV. IMOB.,FII HEDGELOG,27.486.542/0001-72,FII
HREC,HEDGE RECEBÍVEIS FDO. INVEST. IMOB.,FII HEDGEREC,35.507.262/0001-21,FII
HMOC11,HEDGE SHOPPING PRAÇA DA MOÇA FDO INV IMOB,FII HEDMOCA,14.733.211/0001-48,FII
HGRE11,CSHG REAL ESTATE FDO INV IMOB – FII,FII HG REAL,09.072.017/0001-29,FII
SHPH11,FDO INV IMOB SHOPPING PÁTIO HIGIENÓPOLIS,FII HIGIENOP,03.507.519/0001-59,FII
HTMX11,FDO INV IMOB – FII HOTEL MAXINVEST,FII HOTEL MX,08.706.065/0001-69,FII
HOSI11,FDO. INV. IMOB. HOUSI,FII HOUSI,34.081.631/0001-02,FII
HRDF11,HEDGE REALTY DEVELOPMENT FDO INV IMOB,FII HREALTY,16.929.519/0001-99,FII
HSML11,HSI MALL FDO INV IMOB,FII HSI MALL,32.892.018/0001-31,FII
TFOF11,HEDGE TOP FOFII FDO INV IMOB,FII HTOPFOF,20.834.884/0001-97,FII
HFOF11,HEDGE TOP FOFII 3 FDO INV IMOB,FII HTOPFOF3,18.307.582/0001-19,FII
HUSI11,HUSI FDO INV. IMOB.,FII HUSI,30.017.492/0001-99,FII
PRGD,HSI RENDA IMOB FDO INV IMOB,FII ICON,08.098.114/0001-28,FII
FIIB11,FDO INV IMOB INDUSTRIAL DO BRASIL,FII INDL BR,14.217.108/0001-45,FII
FINF11,FDO INV IMOB INFRA REAL ESTATE – FII,FII INFRA RE,18.369.510/0001-04,FII
BICR11,INTER TÍTULOS IMOB. FDO INV. IMOB.,FII INTER,34.007.109/0001-72,FII
IRDM11,FII IRIDIUM RECEBÍVEIS IMOBILIÁRIOS,FII IRIDIUM,28.830.325/0001-10,FII
RBBV11,JHSF RIO BRAVO FAZENDA BOA VISTA CAP. PROT. – FII,FII JHSF FBV,16.915.868/0001-51,FII
JPPC11,JPP CAPITAL FDO INV IMOB – FII,FII JPP CAPI,17.216.625/0001-98,FII
JPPA11,JPP ALLOCATION MOGNO – FDO INV IMOB,FII JPPMOGNO,30.982.880/0001-00,FII
JSRE11,JS REAL ESTATE MULTIGESTÃO – FII,FII JS REAL,13.371.132/0001-71,FII
JTPR11,JT PREV FDO INV IMOB DESENVOLVIMENTO HABITACIONAL,FII JT PREV,23.876.086/0001-16,FII
KNRE11,KINEA II REAL ESTATE EQUITY FDO INV IMOB,FII KII REAL,14.423.780/0001-97,FII
KNRI11,KINEA RENDA IMOBILIÁRIA FDO INV IMOB – FII,FII KINEA,12.005.956/0001-65,FII
KNHY11,KINEA HIGH YIELD CRI FDO INV IMOB – FII,FII KINEA HY,30.130.708/0001-28,FII
KNIP11,KINEA ÍNDICES DE PREÇOS FDO INV IMOB – FII,FII KINEA IP,24.960.430/0001-13,FII
KNCR11,KINEA RENDIMENTOS IMOBILIÁRIOS FDO INV IMOB – FII,FII KINEA RI,16.706.958/0001-32,FII
KFOF11,FUNDO DE FDO INV IMOB KINEA FII,FII KINEAFOF,30.091.444/0001-40,FII
LATR11B,LATERES FDO INV IMOB – FII,FII LATERES,17.209.378/0001-00,FII
LASC11,LEGATUS SHOPPINGS FDO. INV. IMOB. – FII,FII LEGATUS,30.248.158/0001-46,FII
LGCP11,LOGCP INTER FDO INV IMOB,FII LGCP INT,34.598.181/0001-11,FII
LOFT11B,LOFT I – FDO INV IMOB,FII LOFT I,19.722.048/0001-31,FII
NSLU11,FDO INV IMOB – FII HOSPITAL NOSSA SRA DE LOURDES,FII LOURDES,08.014.513/0001-63,FII
GRLV11,CSHG GR LOUVEIRA FDO DE INV IMOB – FII,FII LOUVEIRA,17.143.998/0001-86,FII
LUGG11,LUGGO FDO. INV. IMOB.,FII LUGGO,34.835.191/0001-23,FII
DMAC11,MAC FDO INV IMOB,FII MAC,30.579.348/0001-46,FII
MALL11,MALLS BRASIL PLURAL FDO INV IMOB,FII MALLS BP,26.499.833/0001-32,FII
MCCI11,FDO INV. MAUA CAPITAL RECEBIVEIS IMOB. – FII,FII MAUA,23.648.935/0001-84,FII
MAXR11,FDO INV IMOB – FII MAX RETAIL,FII MAX RET,11.274.415/0001-70,FII
MXRF11,MAXI RENDA FDO INV IMOB – FII,FII MAXI REN,97.521.225/0001-25,FII
FMOF11,FDO INV IMOB MEMORIAL OFFICE,FII MEMORIAL,01.633.741/0001-72,FII
MBRF11,FDO INV IMOB MERCANTIL DO BRASIL – FII,FII MERC BR,13.500.306/0001-59,FII
MFII11,MÉRITO DESENVOLVIMENTO IMOBILIÁRIO I FII – FII,FII MERITO I,16.915.968/0001-88,FII
MFAI,MERITO FDO. AÇÕES IMOB. FII – FDO INV. IMOB.,FII MERITOFA,32.397.369/0001-76,FII
MINT,FUNDO DE INVESTIMENTO IMOBILIÁRIO MINT EDUCACIONAL,FII MINT EDU,19.872.887/0001-36,FII
MGFF11,FDO INV IMOB MOGNO FUNDO DE FUNDOS,FII MOGNO,29.216.463/0001-77,FII
MGHT11,FDO. INV. IMOB. MOGNO HOTEIS,FII MOGNO HT,34.197.776/0001-65,FII
MORE11,MORE REAL ESTATE FOF FII FDO. INV. IMOB.,FII MORE RE,34.197.727/0001-22,FII
DRIT11B,MULTIGESTÃO RENDA COMERCIAL FDO INV IMOB – FII,FII MTGESTAO,10.456.810/0001-00,FII
MTRS,FDO INV IMOB – BTG PACTUAL METROPOLIS,FII MTRS,32.740.844/0001-65,FII
MTOF,MULTIOFFICES 1 – FDO. INV. IMOB,FII MULT OF1,22.862.226/0001-34,FII
MOFF,MULTIOFFICES 2 – FDO. INV. IMOB.,FII MULT OF2,31.508.219/0001-20,FII
HBRH11,FDO.INVEST. IMOB. MULTI RENDA URBANA,FII MULT REN,30.871.698/0001-81,FII
PRTS11,MULTI PROPERTIES FDO INV IMOB – FII,FII MULTPROP,22.957.521/0001-74,FII
SHOP11,MULTI SHOPPINGS FDO INV IMOB – FII,FII MULTSHOP,22.459.737/0001-00,FII
MVFI,FDO INV IMOB MV9 – FII,FII MV9,23.537.203/0001-17,FII
NCHB11,FDO INV IMOB – FII NCH BRASIL RECEBÍVEIS IMOB,FII NCH BRA,18.085.673/0001-57,FII
NPAR11,FDO INV IMOB NESTPAR – FII,FII NESTPAR,24.814.916/0001-43,FII
NEWL11,NEWPORT LOGÍSTICA FDO INV. IMOB.,FII NEWPORT,32.527.626/0001-47,FII
NEWU11,NEWPORT RENDA URBANA FDO INV IMOB,FII NEWRU,14.793.782/0001-78,FII
NVIF11B,NOVA I – FDO INV IMOB – FII,FII NOVA I,22.003.469/0001-17,FII
NVHO11,FDO INV IMOB – FII NOVO HORIZONTE,FII NOVOHORI,17.025.970/0001-44,FII
VLOL11,FDO INV IMOB – FII VILA OLÍMPIA CORPORATE,FII OLIMPIA,15.296.696/0001-12,FII
FTCE11B,OPPORTUNITY FDO INV IMOB,FII OPPORTUN,01.235.622/0001-61,FII
OUFF11,FDO INV IMOB – OURINVEST FUNDO DE FUNDOS,FII OURI FOF,30.791.386/0001-68,FII
OUJP11,OURINVEST JPP FDO INV IMOB – FII,FII OURI JPP,26.091.656/0001-50,FII
OUCY11,FUNDO INV IMOB – OURINVEST CYRELA – FII,FII OURICYRE,28.516.650/0001-03,FII
OULG11,FDO INV IMOB OURINVEST LOGÍSTICA,FII OURILOG,13.974.819/0001-00,FII
EDFO11B,FDO INV IMOB EDIFÍCIO OURINVEST,FII OURINVES,06.175.262/0001-73,FII
ORPD11,OURO VERDE DESENV IMOB I FDO INV IMOB – FII,FII OURO PRT,19.107.604/0001-60,FII
FPNG11,FDO INV IMOB PEDRA NEGRA RENDA IMOB,FII P NEGRA,17.161.979/0001-82,FII
PRSV11,FDO INV IMOB – FII PRESIDENTE VARGAS,FII P VARGAS,11.281.322/0001-72,FII
PBYR,FUND. INVEST. IMOB. FII PANAMBY RENDA MASTER,FII PAN REN,34.197.754/0001-03,FII
PABY11,FDO INV IMOB PANAMBY,FII PANAMBY,00.613.094/0001-74,FII
VTVI,PARKING PARTNERS FDO. INVEST. IMOB.,FII PARK PAR,21.500.514/0001-86,FII
PATL,PÁTRIA LOGÍSTICA FUNDO DE INVESTIMENTO IMOBILIÁRIO,FII PATR LOG,35.754.164/0001-99,FII
PATC11,PÁTRIA EDIFÍCIOS CORPORATIVOS FDO INV IMOB – FII,FII PATRIA,30.048.651/0001-12,FII
PRSN11B,PERSONALE I FDO INV IMOB – FII,FII PERSONAL,14.056.001/0001-62,FII
PLCR11,FDO INV. IMOB. PLURAL RECEBIVEIS,FII PLURAL R,32.527.683/0001-26,FII
VTPL,FDO INV. IMOB. PLUS,FII PLUS,15.098.422/0001-19,FII
PORD11,POLO FDO INV IMOB – RECEBÍVEIS IMOB II – FII,FII POLO CRI,17.156.502/0001-09,FII
PLRI11,POLO FDO INV IMOB – FII RECEBÍVEIS IMOBILIÁRIOS I,FII POLO I,14.080.689/0001-16,FII
ESTQ,FDO INV IMOB POLO ESTOQUE II – FII,FII POLO II,18.497.672/0001-10,FII
VPSI11,FDO INV IMOB POLO SHOPPING INDAIATUBA,FII POLO SHO,14.721.889/0001-00,FII
PBLV11,PROLOGIS BRAZIL LOGISTICS VENTURE FDO INV IMOB,FII PROLOGIS,31.962.875/0001-06,FII
PATB,FDO INV IMOB – FII PATEO BANDEIRANTES,FII PTO BAND,14.788.492/0001-36,FII
QAGR11,QUASAR AGRO – FDO INV. IMOB.,FII QUASAR A,32.754.734/0001-52,FII
RBCO11,RB CAPITAL OFFICE INCOME FDO INV. IMOB.,FII R INCOME,31.894.369/0001-19,FII
FIIP11B,RB CAPITAL RENDA I FDO INV IMOB – FII,FII RB CAP I,08.696.175/0001-97,FII
RFOF11,FDO. INVEST. IMOB. RB CAPITAL I FUNDO DE FUNDOS,FII RB CFOF,34.027.774/0001-28,FII
RCRI11B,RB CAPITAL RENDIMENTOS IMOB FDO INV IMOB – FII,FII RB CRI,26.511.274/0001-39,FII
RBGS11,RB CAPITAL GENERAL SHOP SULACAP FDO INV IMOB – FII,FII RB GSB I,13.652.006/0001-95,FII
RBRD11,RB CAPITAL RENDA II FDO INV IMOB – FII,FII RB II,09.006.914/0001-34,FII
RBTS11,RB CAPITAL TFO SITUS FDO INV IMOB – FII,FII RB TFO,29.299.737/0001-39,FII
RRCI,RB CAPITAL RECEBÍVEIS IMOB. FDO. INVEST. IMOB FII,FII RBCAP RI,35.689.733/0001-60,FII
RBIV11,RIO BRAVO CRÉDITO IMOB IV FDO INV IMOB – FII,FII RBCRI IV,30.647.758/0001-87,FII
RBRM11,FDO INV IMOB – FII RBR DESENVOLVIMENTO,FII RBR DES,26.314.437/0001-93,FII
RCFF,RBR DESENV COMERCIAL FEEDER FOF FDO INVEST IMOB,FII RBR FEED,35.689.670/0001-41,FII
RBRL11,RBR LOG FUNDO DE INVESTIMENTO IMOBILIÁRIO,FII RBR LOG,35.705.463/0001-33,FII
RBRY11,FDO INV IMOB RBR CRÉDITO IMOB HIGH YIELD,FII RBR PCRI,30.166.700/0001-11,FII
RBRP11,FDO INV IMOB RBR PROPERTIES – FII,FII RBR PROP,21.408.063/0001-51,FII
RBRF11,RBR ALPHA MULTIESTRATÉGIA REAL ESTATE FDO INV IMOB,FII RBRALPHA,27.529.279/0001-51,FII
RBIR11,RB CAPITAL DESENV. RESIDENCIAL IV FDO. INV. IMOB.,FII RBRES IV,31.161.410/0001-48,FII
RBDS11,RB CAPITAL DESENV. RESID. II FDO INV IMOB – FII,FII RBRESID2,11.945.604/0001-27,FII
RSPD11,RB CAPITAL DESENV RESID III FDO INV IMOB – FII,FII RBRESID3,19.249.989/0001-08,FII
RBRR11,FDO INV IMOB – FII RBR RENDIMENTO HIGH GRADE,FII RBRHGRAD,29.467.977/0001-03,FII
REIT11,SOCOPA FDO INV IMOB – FII,FII REIT RIV,16.841.067/0001-99,FII
RBED11,FDO INV IMOB RIO BRAVO RENDA EDUCACIONAL – FII,FII RIOB ED,13.873.457/0001-52,FII
RBFF11,RIO BRAVO IFIX FDO INV IMOB,FII RIOB FF,17.329.029/0001-14,FII
RCRB11,FDO INV IMOB RIO BRAVO RENDA CORPORATIVA,FII RIOB RC,03.683.056/0001-86,FII
RBVA11,FDO INV IMOB RIO BRAVO RENDA VAREJO – FII,FII RIOB VA,15.576.907/0001-70,FII
RBVO11,RIO BRAVO CRÉDITO IMOBILIÁRIO II FDO INV IMOB -FII,FII RIOBCRI2,15.769.670/0001-44,FII
RNGO11,FDO INV IMOB RIO NEGRO – FII,FII RIONEGRO,15.006.286/0001-90,FII
FLMA11,FDO INV IMOB CONTINENTAL SQUARE FARIA LIMA,FII S F LIMA,04.141.645/0001-03,FII
SPVJ,FUND. INVEST. IMOB. SUCCESPAR VAREJO,FII S VAREJO,27.538.422/0001-71,FII
SAAG,SANTANDER AGÊNCIAS FDO INV IMOB – FII,FII SANT AGE,16.915.840/0001-14,FII
SADI11,SANTANDER PAPEIS IMOB CDI FDO INV IMOB,FII SANT PAP,32.903.521/0001-45,FII
SARE11,SANTANDER RENDA DE ALUGUÉIS FDO. INVEST. IMOB.,FII SANT REN,32.903.702/0001-71,FII
SFND11,FDO INV IMOB SÃO FERNANDO,FII SAO FER,09.350.920/0001-04,FII
FISC11,FDO INV IMOB SC 401,FII SC 401,12.804.013/0001-00,FII
SCPF11,FDO INV IMOB SCP,FII SCP,01.657.856/0001-05,FII
SDIL11,FDO INV IMOB SDI RIO BRAVO RENDA LOGISTICA – FII,FII SDI LOG,16.671.412/0001-93,FII
SHDP11B,FDO INV IMOB – FII SHOPPING PARQUE D. PEDRO,FII SHOP PDP,07.224.019/0001-60,FII
JRDM11,FDO INV IMOB – FII SHOPPING JARDIM SUL,FII SHOPJSUL,14.879.856/0001-93,FII
SAIC11B,FDO INV IMOB – FII SIA CORPORATE,FII SIA CORP,17.311.079/0001-74,FII
SPTW11,SP DOWNTOWN FDO INV IMOB – FII,FII SP DOWNT,15.538.445/0001-05,FII
SPAF11,SPA FDO INV IMOB – FII,FII SPA,18.311.024/0001-27,FII
STRX11,STARX FDO INV IMOB – FII,FII STARX,11.044.355/0001-07,FII
TBOF11,FDO INV IMOB – FII TB OFFICE,FII TBOFFICE,17.365.105/0001-47,FII
TEPP11,TELLUS PROPERTIES – FDO INV. IMOB,FII TEL PROP,26.681.370/0001-25,FII
TELD,TELLUS DESENVOLVIMENTO LOGÍSTICO FDO. INVEST. IMOB,FII TELLUS,36.200.701/0001-11,FII
TGAR11,FDO INV IMOB TG ATIVO REAL,FII TG ATIVO,25.032.881/0001-53,FII
ONEF11,FDO INV IMOB THE ONE,FII THE ONE,12.948.291/0001-23,FII
TORD11,TORDESILHAS EI FDO. INV. IMOB.,FII TORDE EI,30.230.870/0001-18,FII
ALMI11,FDO INV IMOB – FII TORRE ALMIRANTE,FII TORRE AL,07.122.725/0001-00,FII
TRNT11,FDO INV IMOB – FII TORRE NORTE,FII TORRE NO,04.722.883/0001-02,FII
TOUR11,FDO INV IMOB TOURMALET II,FII TOUR II,30.578.316/0001-26,FII
TORM13,FDO INV IMOB TOURMALET I,FII TOURMALE,26.395.660/0001-02,FII
TSNC11,TRANSINC FDO INV IMOB – FII,FII TRANSINC,17.007.443/0001-07,FII
TCPF11,TREECORP REAL ESTATE FDO INV IMOB – I,FII TREECORP,26.990.011/0001-50,FII
TRXB,TRX REAL ESTATE II FDO. INVEST. IMOB.,FII TRX R II,36.368.925/0001-37,FII
TRXF11,TRX REAL ESTATE FDO. INV. IMOB. – FII,FII TRX REAL,28.548.288/0001-52,FII
XTED11,TRX EDIFÍCIOS CORPORATIVOS FDO INV IMOB – FII,FII TRXE COR,15.006.267/0001-63,FII
UBSR11,FDO INV IMOB – FII UBS (BR) RECEB IMOB,FII UBS (BR),28.152.272/0001-26,FII
RECT11,FDO INV IMOB – FII UBS (BR) OFFICE,FII UBSOFFIC,32.274.163/0001-59,FII
URPR,URCA PRIME RENDA FUNDO DE INVESTIMENTO IMOBILIÁRIO,FII URCA REN,34.508.872/0001-87,FII
VOTS11,VOTORANTIM SECURITIES MASTER FDO INV IMOB – FII,FII V MASTER,17.870.926/0001-30,FII
FVPQ11,FDO INV IMOB VIA PARQUE SHOPPING – FII,FII V PARQUE,00.332.266/0001-31,FII
VVPR11,FDO INV IMOB – V2 PROPERTIES,FII V2 PROP,33.045.581/0001-37,FII
VGIP11,VALORA CRI ÍNDICE DE PREÇO FDO INVEST. IMOB. FII,FII VALORAIP,34.197.811/0001-46,FII
VGIR11,VALORA RE III FDO INV IMOB – FII,FII VALREIII,29.852.732/0001-91,FII
FVBI11,FDO INV IMOB VBI FL 4440 – FII,FII VBI 4440,13.022.993/0001-44,FII
CVBI11,FDO INV. IMOB. VBI CRI,FII VBI CRI,28.729.197/0001-13,FII
LVBI11,FDO INV IMOB – VBI LOGÍSTICO,FII VBI LOG,30.629.603/0001-18,FII
RVBI11,VBI REITS FOF – FDO. INV. IMOB,FII VBI REIT,35.507.457/0001-71,FII
VCJR11,VECTIS JUROS REAL FDO INV. IMOB. – FII,FII VECTIS,32.400.250/0001-05,FII
VERE11,FDO INV IMOB VEREDA – FII,FII VEREDA,08.693.497/0001-82,FII
VIDS,VIC DESENVOLVIMENTO VINTAGE 20/21 FUND INVEST IMOB,FII VIC DES,32.527.552/0001-49,FII
FIVN11,FDO INV IMOB VIDA NOVA – FII,FII VIDANOVA,17.854.016/0001-64,FII
VINO11,VINCI OFFICES FDO INV IMOB,FII VINC COR,12.516.185/0001-70,FII
VIFI11,VINCI INSTRUMENTOS FINANCEIROS FDO INV IMOB – FII,FII VINCI IF,31.547.855/0001-60,FII
VISC11,VINCI SHOPPING CENTERS FDO INVEST IMOB – FII,FII VINCI SC,17.554.274/0001-25,FII
VILG11,VINCI LOGÍSTICA FDO INV IMOB – FII,FII VINCILOG,24.853.044/0001-22,FII
VTLT11,FDO INV IMOB VOTORANTIM LOGISTICA,FII VOT LOG,27.368.600/0001-63,FII
VSEC,FDO INV IMOB VOTORANTIM SECURITIES,FII VOT SEC,10.347.505/0001-80,FII
VSHO11,FDO INV IMOB VOTORANTIM SHOPPING,FII VOT SHOP,23.740.595/0001-17,FII
VTPA,FDO. INVEST. IMOB. VOTORANTIM PATRIMONIAL V,FII VOTP V,21.500.481/0001-74,FII
VTXI,FDO. INVEST. IMOB. VOTORANTIM PATRIMONIAL XII,FII VOTP XII,23.740.552/0001-31,FII
VLJS12,VECTOR QUELUZ ATIVOS IMOB FDO INV IMOB,FII VQ LAJES,13.842.683/0001-76,FII
VXXV,VX XVI – FDO INV. IMOB.,FII VX XVI,30.982.974/0001-89,FII
WPLZ11,SHOPPING WEST PLAZA FDO INV IMOB,FII W PLAZA,09.326.861/0001-39,FII
WTSP11B,FDO INV IMOB – OURINVEST RE I,FII WTC SP,28.693.595/0001-27,FII
XPCI11,XP CREDITO IMOBILIÁRIO – FDO INV IMOB,FII XP CRED,28.516.301/0001-91,FII
XPHT11,XP HOTÉIS – FDO INV IMOB – FII,FII XP HOT,18.308.516/0001-63,FII
XPIN11,XP INDUSTRIAL FDO INV IMOB – FII,FII XP INDL,28.516.325/0001-40,FII
XPLG11,XP LOG FDO INV IMOB – FII,FII XP LOG,26.502.794/0001-85,FII
XPCM11,XP CORPORATE MACAÉ FDO INV IMOB – FII,FII XP MACAE,16.802.320/0001-03,FII
XPML11,XP MALLS FDO INV IMOB FII,FII XP MALLS,28.757.546/0001-00,FII
XPPR11,XP PROPERTIES FDO. INV. IMOB.,FII XP PROP,30.654.849/0001-40,FII
XPSF11,XP SELECTION FDO DE FUNDOS INV IMOB – FII,FII XP SELEC,30.983.020/0001-90,FII
YCHY11,YAGUARA CAPITAL HIGH YIELD FDO INV IMOB,FII YAGUARA,28.267.696/0001-36,FII
